ligand,background,note,s_cat,s_gate,s_chan,K_catalytic,K_cat_mean,K_cat_cov,CKI_TM,CKI_TM_mean,CKI_cov,CKI_TM_comm,CKI_TM_rot,S_Notch,notch_retention,leakage_cat,w_TM3,w_TM6a,w_PAL,w_sum,w_mean,zeta,zeta_bg,d_cone,d_cone_over_wsum,sigma_sync,d_cone_eff,CKI_TM_bg,sigma_bg,w_mean_bg,Gamma_bg,Gamma_ligand,Gamma,ddG_bg_kcal,ddG_ligand_kcal,ddG_barrier_kcal,rate_factor_42_38,ratio_38_42,ratio_38_42_fold,R_42_40,R_fold_reduction,R_42_40_branch,R_branch_fold,pass_notch,pass_cki,quadrant,quadrant_sampled,correct,assay_hit,is_target_class
L001,wild type,sampled for quadrant I,0.577661433021861,1.2638886934640086,1.1557342961307864,0.36402159372076404,0.0012210847883549255,0.3628005089324091,5.713343464064284,0.004219611141995138,5.709123852922289,0.3456226239560072,5.363501228966282,15.652069801752344,0.33552299643051525,0.3754222106204319,1.2897383883014173,1.2062178919714066,1.2765364156491443,3.7724926959219687,1.2574975653073228,1.0,1.0,2.8731127467335775,0.7615953106653823,0.8322733708769665,2.391215230633535,0.0,0.0,1.05,0.0,3.3179086222887544,3.3179086222887544,0.0,0.4612441749146712,0.4612441749146712,2.1138902747520385,13.432178395132956,4.477392798377652,0.04089254640877378,4.4506888414498595,0.050442835452027636,3.608044598783239,0,1,I,I,1,1,0
L002,wild type,sampled for quadrant I,0.40848519912547016,0.9503502557975109,1.1657603734435509,0.23759476190567375,0.0006539551660060938,0.23694080673966766,4.8655471289791254,0.0028851456979681633,4.862661983281157,0.27378261930870534,4.588879363972452,20.392514446325837,0.4902772234503181,0.33027177668258795,1.2925909500197257,1.2103706901124713,1.2739933331329054,3.776954973265102,1.2589849910883675,1.0,1.0,2.876477679535447,0.7615864366656162,0.7813938298331109,2.247661910441663,0.0,0.0,1.05,0.0,2.615000072839494,2.615000072839494,0.0,0.43357520463495003,0.43357520463495003,2.021070661061498,10.954526023797849,3.651508674599283,0.056106779632941056,3.24381476161475,0.06089743738486762,2.988631505949462,0,1,I,I,1,1,0
L003,wild type,sampled for quadrant I,0.5859977746484691,1.2124567735490874,1.224300946786458,0.37025402526730344,0.001252960338848897,0.3690010649284545,5.882027327167482,0.0041680629687067365,5.877859264198776,0.377158208426492,5.500701055772284,15.843672867741741,0.32930790783859937,0.37726924485854,1.2843541545271957,1.2076816160392418,1.2774471855864766,3.769482956152914,1.256494318717638,1.0,1.0,2.8707767104172275,0.7615836823804358,0.8408858706723791,2.413995573645179,0.0,0.0,1.05,0.0,3.463863690553597,3.463863690553597,0.0,0.46566812237406613,0.46566812237406613,2.1291213522276693,13.98307457624703,4.66102485874901,0.038293035017782584,4.752822541109174,0.04858815834462394,3.7457686440617577,0,1,I,I,1,1,0
L004,wild type,sampled for quadrant I,0.5370592860274339,1.0778344875739,1.1560523101245583,0.33364834749851074,0.0010715334224406328,0.3325768140760701,5.143458116526205,0.0033170185763261337,5.140141097949879,0.29437809817048033,4.8457629997793985,15.369740071849884,0.36753194369210784,0.3659949466680412,1.292072225059071,1.2098818547161163,1.2770520082135275,3.779006087988715,1.2596686959962382,1.0,1.0,2.878051167042213,0.7615894497206239,0.7995781054333087,2.3012266994837356,0.0,0.0,1.05,0.0,2.8389143984661436,2.8389143984661436,0.0,0.4439005152888259,0.4439005152888259,2.0552219125722466,11.718380058984105,3.906126686328035,0.050728871583989345,3.5877005404835662,0.05723999413634049,3.179595014746026,0,1,I,I,1,1,0
L005,wild type,sampled for quadrant I,0.7862762600235327,1.0257681664640268,1.2707026813907298,0.5185145904571128,0.0021242199699754508,0.5163903704871373,5.591830097402745,0.0035091029073972928,5.588320994495348,0.3512767689034916,5.237044225591856,10.76356699141516,0.21107457511811134,0.41450012252577345,1.281755688905373,1.210371769377852,1.2763689052045388,3.7684963634877633,1.256165454495921,1.0,1.0,2.869980445848704,0.7615717700182473,0.8257818284026441,2.369977700052779,0.0,0.0,1.05,0.0,3.218343294442569,3.218343294442569,0.0,0.4572069158906502,0.4572069158906502,2.100085624179265,13.04727969028784,4.349093230095947,0.04276637677910898,4.2556796648928525,0.05182498078281537,3.51181992257196,0,1,I,I,1,1,0
L006,wild type,sampled for quadrant I,0.5422680939672755,1.0645420968201489,1.323475299486352,0.3375549210513982,0.0010899936194364325,0.33646492743196177,5.994440299917773,0.0038691727888430774,5.990571127128931,0.39965813802073263,5.590912989108198,17.705961210966176,0.3632497142595074,0.36724798004178094,1.2751202276054951,1.2100355962130886,1.2771727895960485,3.762328613414632,1.2541095378048774,1.0,1.0,2.8652591673221424,0.7615653659560793,0.8463783616820013,2.42509335983245,0.0,0.0,1.05,0.0,3.5654777672964806,3.5654777672964806,0.0,0.4678561155824447,0.4678561155824447,2.1366948405849775,14.359094833137949,4.786364944379316,0.03658146501556141,4.9751971366531915,0.047398626540758555,3.839773708284487,0,1,I,I,1,1,0
L007,wild type,sampled for quadrant I,0.9336476898807046,1.0791436572145103,1.1281461273583877,0.6251533873467175,0.002889795324666408,0.6222635920220512,5.0159784751674685,0.0032318512773590077,5.012746623890109,0.27927845101945686,4.733468172870652,8.010782304352512,0.15328441494441572,0.4354782624086909,1.2941867690809545,1.2097971634359945,1.2769980510257362,3.780981983542685,1.2603273278475617,1.0,1.0,2.879570542910282,0.7615932991598644,0.7914326510780946,2.2789861487418723,0.0,0.0,1.05,0.0,2.733760475148237,2.733760475148237,0.0,0.4396010521310801,0.4396010521310801,2.040931754885333,11.363373750927,3.787791250309,0.05318702487427516,3.4218872070813555,0.05888360367212994,3.09084343773175,0,1,I,I,1,1,0
L008,wild type,sampled for quadrant I,0.4843732930400637,1.0094799627646218,0.9779527331732779,0.2942013269135952,0.000890083306445519,0.29331124360714966,4.188834963968774,0.0025589947023980366,4.186275969266376,0.2008107137122282,3.9854652555541477,14.18975655619203,0.4137042300106233,0.3525585191000477,1.302877404477328,1.2095099910828262,1.2751789236468514,3.7875663192070053,1.262522106402335,1.0,1.0,2.8846466514399403,0.7616095424683924,0.7299129396561485,2.105540917221792,0.0,0.0,1.05,0.0,2.080735052044584,2.080735052044584,0.0,0.4061083039172928,0.4061083039172928,1.9329604681322243,9.284323255954527,3.094774418651509,0.07135560617074764,2.5506054782085394,0.07078735098865108,2.571080813988632,0,1,I,I,1,1,0
L009,wild type,sampled for quadrant I,0.8442569837201658,1.340928499254883,1.169961632562039,0.5607537609645626,0.00241171591055799,0.5583420450540046,6.064142667077568,0.004741105853247719,6.05940156122432,0.38304144199543566,5.676360119228884,10.7950192565958,0.18595300789897234,0.42327213387234147,1.2874006050884708,1.2035991776485109,1.2745611525038485,3.76556093524083,1.25518697841361,1.0,1.0,2.867839513236581,0.7615968942096446,0.8496883665159485,2.436769871431883,0.0,0.0,1.05,0.0,3.6226316897924367,3.6226316897924367,0.0,0.4700271610576154,0.4700271610576154,2.144236293484841,14.597277307680141,4.865759102560047,0.035652612520944066,5.104815247216019,0.04667481289452556,3.8993193269200352,0,1,I,I,1,1,0
L010,wild type,sampled for quadrant I,0.4722777190017643,1.1429304074727429,1.3188462012734585,0.28517406220609876,0.0008494297329761923,0.28432463247312256,6.1881575657319985,0.004187781231379682,6.1839697845006185,0.42425284916076406,5.7597169353398545,21.62375415167909,0.4250611718636821,0.34926342734172544,1.2747814053363105,1.209037490082374,1.277870889326626,3.76168978474531,1.2538965949151033,1.0,1.0,2.8647838342016367,0.7615683371391032,0.8554022080300258,2.450542417304803,0.0,0.0,1.05,0.0,3.7334273671958154,3.7334273671958154,0.0,0.4727580866481397,0.4727580866481397,2.1537603846113478,15.034219300495586,5.011406433498529,0.033918628333970635,5.365783020704317,0.04540289653999549,4.0085548251238965,0,1,I,I,1,1,0
L011,wild type,sampled for quadrant I,0.4938637795889643,1.0679306717560415,1.121371779993794,0.30131207038507596,0.0009213579077311454,0.30039071247734483,4.954250469166291,0.0031700815006637,4.951080387665627,0.2733285565220193,4.677751831143608,16.387868545426308,0.40497246122806885,0.35509139289142666,1.294793302601818,1.2098835496374747,1.2768198049391755,3.781496657178468,1.2604988857261559,1.0,1.0,2.8799651032236753,0.7615939836298936,0.7873703314156908,2.2675990777908495,0.0,0.0,1.05,0.0,2.6834813098747774,2.6834813098747774,0.0,0.43740291406584186,0.43740291406584186,2.033664215931996,11.194862406796632,3.731620802265544,0.05440413149803471,3.345334168354007,0.05969727051567712,3.048715601699158,0,1,I,I,1,1,0
L012,wild type,sampled for quadrant I,0.3762041756323224,1.0518544232939606,1.3074051581403272,0.21369719227327702,0.000562909374541315,0.2131342828987357,5.866649864799832,0.0037553584794310165,5.862894506320401,0.38385666063763607,5.4790378456827655,27.325228628665414,0.5267171578864126,0.3194896927182037,1.2772345820773225,1.2101679817645308,1.2769389684810117,3.7643415323228653,1.2547805107742884,1.0,1.0,2.866798995720902,0.7615671880738951,0.8401194144561638,2.4084534936485626,0.0,0.0,1.05,0.0,3.454441012671839,3.454441012671839,0.0,0.46464124132657747,0.46464124132657747,2.1255761824370007,13.930069207787254,4.643356402595751,0.03845575006691586,4.732712264961846,0.048760658096634164,3.7325173019468134,0,1,I,I,1,1,0
L013,wild type,sampled for quadrant I,0.7707541651427436,0.9605468309060144,1.1254934498939106,0.5071391905582814,0.00205042019597519,0.5050887703623061,4.700046747406213,0.0027899646671811305,4.697256782739032,0.255583672374826,4.441673110364206,9.249526182466608,0.2184020668243206,0.41202133860525225,1.2955931467656483,1.2102859028697182,1.2742488473809332,3.7801278970162997,1.2600426323387666,1.0,1.0,2.8789162706074265,0.7615922923877231,0.7697902913105676,2.216161794609624,0.0,0.0,1.05,0.0,2.481094988129408,2.481094988129408,0.0,0.42748502841435143,0.42748502841435143,2.001193915948689,10.523174658521079,3.5077248861736927,0.059591559351242177,3.0541238051392967,0.06317703424391502,2.8807936646302696,0,1,I,I,1,1,0
L014,wild type,sampled for quadrant I,0.652480546595618,1.065578052999616,1.1833946742848278,0.4198018679794391,0.0015204489859303885,0.4182814189935087,5.242782119631747,0.003355149103206587,5.239426970528541,0.30735892590257685,4.932068044625964,12.45902767686363,0.2838226794543628,0.3910355588980279,1.2899292891376761,1.2100506104407456,1.276945482708967,3.7769253822873887,1.2589751274291296,1.0,1.0,2.8764509849712434,0.7615853356438833,0.8057033982357371,2.317566333449864,0.0,0.0,1.05,0.0,2.921860637078677,2.921860637078677,0.0,0.44706251673259606,0.44706251673259606,2.065795292773291,12.001749690697089,4.000583230232363,0.04887027802756368,3.724144967977241,0.055992463885141,3.2504374226742723,0,1,I,I,1,1,0
L015,wild type,sampled for quadrant I,0.40378497573345656,1.0300840761599832,1.17943973888276,0.23410646862565432,0.0006402182026262787,0.23346625042302804,5.129654208403421,0.003207303653964187,5.126446904749457,0.2969718738020728,4.829475030947385,21.818430766237473,0.4954348556132651,0.3287564233692095,1.2906504821659421,1.2102958421298498,1.2762836234410988,3.777229947736891,1.2590766492456302,1.0,1.0,2.8766825949343016,0.7615852449379874,0.7987116738113545,2.2976399704239667,0.0,0.0,1.05,0.0,2.8288069343254905,2.8288069343254905,0.0,0.44321890857475843,0.44321890857475843,2.0529497954566818,11.678693353421492,3.892897784473831,0.050960130221638984,3.5714194451316,0.05741916613225295,3.169673338355373,0,1,I,I,1,1,0
L016,wild type,sampled for quadrant I,0.5283025363724883,1.332895493454694,1.2218691618789372,0.32709925569467047,0.0010393827382780849,0.3260598729563924,6.292898913392155,0.004868549847974619,6.2880303635441805,0.42162168505911396,5.866408678485066,19.179863422940326,0.37482434837373546,0.3638639477583825,1.2828204827638734,1.2039556364427604,1.2749551026831862,3.76173122188982,1.2539104072966067,1.0,1.0,2.8648928269285405,0.7615889222115328,0.8600585153365709,2.463975471326552,0.0,0.0,1.05,0.0,3.8240548922176285,3.8240548922176285,0.0,0.47529570175550784,0.47529570175550784,2.1626482198955466,15.408926799029853,5.136308933009951,0.03256317294570412,5.589135932897787,0.04436609468225805,4.102231699757463,0,1,I,I,1,1,0
L017,wild type,sampled for quadrant I,0.3624507061450017,1.095815377127008,0.954706268654873,0.20354634555739604,0.0005264865770484673,0.20301985898034758,4.32618743352915,0.0028391776322902163,4.32334825589686,0.20295380391293175,4.120394451983929,21.15015754371038,0.5430037588631854,0.3146069232862569,1.3027070635414444,1.2087347677553388,1.2765687772956174,3.7880106085924004,1.2626702028641335,1.0,1.0,2.8849959455428884,0.7616124250018755,0.7412605150177001,2.138533580417098,0.0,0.0,1.05,0.0,2.184814675479762,2.184814675479762,0.0,0.41246524817041963,0.41246524817041963,1.9530048088896834,9.604065346829842,3.2013551156099473,0.0680906620842342,2.672906892502379,0.06865291529136423,2.6510163367074604,0,1,I,I,1,1,0
L018,wild type,sampled for quadrant I,0.8055190604299297,1.1265673130812606,1.0628274344158501,0.5325631313059651,0.0022185300081878578,0.5303446012977773,4.857427715132201,0.0032450402013757007,4.854182674930826,0.254996991678557,4.599185683252268,9.103754420293274,0.20236356068513905,0.41749216005795503,1.2978444424889377,1.2089646484887744,1.2772139697514702,3.784023060729182,1.2613410202430606,1.0,1.0,2.8819216772877616,0.7616025671715686,0.7808384524327718,2.250315262525834,0.0,0.0,1.05,0.0,2.6038674124049916,2.6038674124049916,0.0,0.4340484751708953,0.4340484751708953,2.02262353449955,10.935370608840328,3.6451235362801095,0.05638856284447308,3.2276048691288595,0.06099517341009777,2.983842652210082,0,1,I,I,1,1,0
L019,wild type,sampled for quadrant I,0.5881352418702261,1.2043868328860967,1.0745952427865466,0.3718425576293697,0.0012615901487634965,0.3705809674806062,5.145025172350681,0.0036517861831656803,5.1413733861675155,0.2783510814790694,4.863022304688446,13.799457886632078,0.327742292541436,0.3777363663228058,1.2962080770918416,1.2075469698540517,1.2771057697215313,3.780860816667425,1.2602869388891416,1.0,1.0,2.879516922454585,0.7616035241923256,0.7996762289984355,2.302681233885663,0.0,0.0,1.05,0.0,2.8386921522818525,2.8386921522818525,0.0,0.4441466610518824,0.4441466610518824,2.056043050545321,11.722472661843671,3.9074908872812237,0.05073394527186118,3.587341749685364,0.057221581004718164,3.180618165460918,0,1,I,I,1,1,0
L020,wild type,sampled for quadrant I,0.9036240771041865,1.0419276016572505,1.2379260222200277,0.6036277593854402,0.0027252661574204587,0.6009024932280198,5.457579897858808,0.0034482653886137673,5.454131632470194,0.33473832597538633,5.119393306494808,9.026346893840993,0.16350964849954963,0.431541307005028,1.2850546034989103,1.2102839886378687,1.2766507540415126,3.771989346178292,1.2573297820594307,1.0,1.0,2.8726600259175816,0.7615769193060172,0.8183173359877418,2.350747499607353,0.0,0.0,1.05,0.0,3.103384132862841,3.103384132862841,0.0,0.4534842398500555,0.4534842398500555,2.0874365321734216,12.63580629303587,4.211935431011956,0.04503697537086993,4.041123954290194,0.053388848767366756,3.4089515732589675,0,1,I,I,1,1,0
L021,wild type,sampled for quadrant I,0.7645721934776125,0.9786492421525331,1.2844523516539694,0.5026134046217482,0.0020204593794947126,0.5005929452422535,5.549763461097519,0.0033937132021501118,5.546369747895369,0.3470499545586873,5.199319793336682,11.019888291626811,0.2213876118746906,0.4110197565284528,1.2806917591262859,1.2104839278575172,1.2751471300796182,3.7663228170634215,1.2554409390211405,1.0,1.0,2.8683138569851776,0.7615687757805063,0.8234764672720406,2.361988961977595,0.0,0.0,1.05,0.0,3.184380785917774,3.184380785917774,0.0,0.4556732733999095,0.4556732733999095,2.0948652804330443,12.915245928722488,4.305081976240829,0.043425000924371855,4.191134050105553,0.052316718204551,3.478811482180622,0,1,I,I,1,1,0
L022,wild type,sampled for quadrant I,0.620200094978619,1.1068165616798855,1.2974875515697686,0.39578013518072475,0.0013876217724259178,0.39439251340829884,5.96028213655203,0.003939148947870969,5.95634298760416,0.3946771193808941,5.561665868223265,15.021624340737853,0.3050314461548997,0.38455569726175076,1.2777980683384547,1.2096123477859506,1.2776484388016844,3.7650588549260897,1.2550196183086966,1.0,1.0,2.8673562288826355,0.7615700947492687,0.844729755555677,2.4221411263150765,0.0,0.0,1.05,0.0,3.534201861289083,3.534201861289083,0.0,0.4672743930573477,0.4672743930573477,2.1346786494232606,14.244414565339463,4.748138188446488,0.03709995844369438,4.905665872273591,0.04775519564098058,3.811103641334866,0,1,I,I,1,1,0
L023,wild type,sampled for quadrant I,0.9015443673772494,1.3047202248508876,1.0646586433985865,0.6021259081638969,0.0027133210016268717,0.59941258716227,5.445289979660997,0.004187607691077475,5.441102371969919,0.2992824942110064,5.141819877758913,9.028446475194798,0.16424801211493018,0.4312626395058579,1.2953912865825679,1.204647465736674,1.2753183366930558,3.7753570890122976,1.2584523630040991,1.0,1.0,2.8753459811918036,0.7616090116508811,0.8176182240054513,2.350935274543254,0.0,0.0,1.05,0.0,3.0901670974266646,3.0901670974266646,0.0,0.4534403109705168,0.4534403109705168,2.087287724189904,12.597187435901615,4.199062478633872,0.045305638422658966,4.017160034301058,0.05354048426793104,3.399296858975404,0,1,I,I,1,1,0
L024,wild type,sampled for quadrant I,0.9969969654979337,0.9813836481602105,1.2960217181411942,0.670245681530754,0.0032500995901000988,0.6669955819406539,5.621725406450616,0.003445897589722107,5.618279508860894,0.35509508079920205,5.263184428061692,8.375063797252972,0.13388995542542717,0.44330275257262913,1.279325766627863,1.210470911028457,1.2752469905389097,3.7650436681952297,1.2550145560650765,1.0,1.0,2.8673334832323456,0.7615671253573533,0.8274018449431266,2.3724370140936446,0.0,0.0,1.05,0.0,3.2458424947672495,3.2458424947672495,0.0,0.45769306438236834,0.45769306438236834,2.1017431319740614,13.139052787185602,4.379684262395201,0.04224041923549664,4.308669357312077,0.0514885976421133,3.5347631967964004,0,1,I,I,1,1,0
L025,wild type,sampled for quadrant I,0.5025989285195335,0.9643210852985246,0.9764131320126659,0.30784019182258965,0.0009514992324756942,0.306888692590114,4.071260528164421,0.002399654527598578,4.068860873636822,0.19507226055921661,3.873788613077606,13.182418078872061,0.3971184915418006,0.35737257558513047,1.303348822545857,1.209520583413445,1.2738800784849378,3.7867494844442398,1.2622498281480798,1.0,1.0,2.8840251623556616,0.7616097062145462,0.7198048390044118,2.07593526767409,0.0,0.0,1.05,0.0,1.9929256059627325,1.9929256059627325,0.0,0.40039772362808806,0.40039772362808806,1.9151296741987311,9.017772894127788,3.0059242980425958,0.07423161698930648,2.451785470687217,0.07267084288033107,2.504443223531947,0,1,I,I,1,1,0
L026,wild type,sampled for quadrant I,0.5335822863581773,1.2082135189863772,1.0769591388218152,0.331042585498596,0.0010588782531636253,0.32998370724543236,5.167617869503404,0.0036787403843464165,5.163939129119058,0.28061059057926807,4.883328538539789,15.563117790278907,0.37041630526105973,0.36515214070368335,1.2960170114085554,1.2074674506164695,1.277079126712674,3.7805635887376985,1.2601878629125662,1.0,1.0,2.879289994108759,0.7616033764611619,0.8010855774564382,2.3065576875951597,0.0,0.0,1.05,0.0,2.857381441523898,2.857381441523898,0.0,0.44489472270333125,0.44489472270333125,2.058540585316214,11.786434467366107,3.9288114891220354,0.050309052867211365,3.6176391648712083,0.05693534048588931,3.1966086168415266,0,1,I,I,1,1,0
L027,wild type,sampled for quadrant I,0.8579938657908815,1.1134866174567926,1.1350352747357464,0.5707052655765851,0.002483802731895043,0.56822146284469,5.143791641049671,0.003398211182553959,5.1403934298671174,0.29080224998691157,4.849591179880206,8.997278756671893,0.18048352191073933,0.42524503837609023,1.2932891720213813,1.2094076875563828,1.2773593479082128,3.780056207485977,1.260018735828659,1.0,1.0,2.8788648656893665,0.7615931371570872,0.7995989936000145,2.3019374493156586,0.0,0.0,1.05,0.0,2.838455980551459,2.838455980551459,0.0,0.444028599342024,0.444028599342024,2.055649157806726,11.719600791505053,3.9065335971683512,0.05073933742402778,3.5869605170250667,0.057234500668150216,3.1799001978762633,0,1,I,I,1,1,0
L028,wild type,sampled for quadrant I,0.4845352709767271,1.12018150469785,1.0756285202015823,0.29432961605199065,0.0008901645491704027,0.29343945150282025,4.894650606282601,0.0032556420273461375,4.891394964255255,0.2601640614591384,4.6312309027961165,16.573517657033534,0.41354503936857784,0.3526045028233854,1.2971792602140146,1.20911142532472,1.2772196295986589,3.783510315137393,1.2611701050457977,1.0,1.0,2.88152482564842,0.7616008906120245,0.7833730034701579,2.257308757242026,0.0,0.0,1.05,0.0,2.634086207013229,2.634086207013229,0.0,0.43540142472068355,0.43540142472068355,2.027069354013655,11.034576605912806,3.678192201970935,0.0556269554441607,3.2717950955035593,0.06049236494471442,3.0086441514782014,0,1,I,I,1,1,0
L029,wild type,sampled for quadrant I,0.40295013743971053,1.1884637090313894,1.0568417174129383,0.23348162275093995,0.0006377029573876032,0.23284391979355235,5.017742509213291,0.003523507497162568,5.014219001716128,0.2650070190893359,4.749211982626792,21.399299656600387,0.496364437886693,0.3284842940378286,1.2974214472478527,1.2078242212759815,1.277157297864737,3.782402966388571,1.2608009887961904,1.0,1.0,2.8806971941730994,0.7616050483705024,0.7915475943634371,2.28020893413722,0.0,0.0,1.05,0.0,2.7340100675789083,2.7340100675789083,0.0,0.43980845805656593,0.43980845805656593,2.041618824970828,11.367840962570128,3.7892803208567094,0.05318105142427188,3.42227156338122,0.058862335164497154,3.091960240642532,0,1,I,I,1,1,0
L030,wild type,sampled for quadrant I,0.7222077943533349,0.9581900111511672,1.1306319710852148,0.4714370134769953,0.00182476569752934,0.469612247779466,4.718154432501203,0.0027982215689896553,4.715356210932214,0.25767378557201104,4.457682425360202,9.986843320714852,0.24309303704210747,0.4038839390377252,1.2952435290105335,1.2102974681490801,1.2741824098250936,3.779723406984707,1.2599078023282357,1.0,1.0,2.87860546121576,0.7615915640536729,0.7710892890910561,2.2196618386624922,0.0,0.0,1.05,0.0,2.4956943722697216,2.4956943722697216,0.0,0.4281618845323828,0.4281618845323828,2.00339330664105,10.56958727052425,3.523195756841417,0.05920134253301797,3.0742546066163,0.0629235929491383,2.892396817631063,0,1,I,I,1,1,0
L031,wild type,sampled for quadrant I,0.7619881153967629,1.041730247305588,1.2284535100798268,0.5007153094976281,0.0020081555819536755,0.49870715391567444,5.407479654034226,0.003415113196716425,5.40406454083751,0.32869383834439925,5.07537070249311,10.777984150909772,0.222651852171055,0.4105977870990465,1.2860045189380194,1.2102816280753783,1.2766280166586046,3.7729141636720023,1.257638054557334,1.0,1.0,2.8733695665631687,0.7615783031137532,0.8154504691955525,2.343090561226157,0.0,0.0,1.05,0.0,3.0609739796113526,3.0609739796113526,0.0,0.4520036900979841,0.4520036900979841,2.08242704862858,12.485134125816758,4.161711375272253,0.04590474075940676,3.9647321167521183,0.053985373316107595,3.3712835314541896,0,1,I,I,1,1,0
L032,wild type,sampled for quadrant I,0.655292740555161,1.1970970229121438,1.038457066054314,0.42188498206416525,0.0015321616697449923,0.42035282039442023,4.966679997374666,0.0035144176085106994,4.963165579766155,0.25745598145019394,4.705709598315961,11.744753793647513,0.2820545051088403,0.3915823930582953,1.2982755828981003,1.2075531895019054,1.2770371698988625,3.782865942298868,1.2609553140996226,1.0,1.0,2.881058669092998,0.7616073931877594,0.7881946315146182,2.2708349760577518,0.0,0.0,1.05,0.0,2.6923306037084034,2.6923306037084034,0.0,0.43799474519372966,0.43799474519372966,2.035618393091245,11.228072579475192,3.742690859825064,0.05418791512483438,3.358682458638996,0.05953513894102553,3.057018144868798,0,1,I,I,1,1,0
L033,wild type,sampled for quadrant I,0.37569574237869374,1.1344686967969628,1.0057163068691188,0.21330693891519745,0.0005618037650113228,0.21274513515018612,4.640342634254934,0.0031323477547987705,4.637210286500135,0.22977851673918076,4.407431769760954,21.652787622015104,0.5273341784263109,0.31930790419912963,1.3005241537996388,1.2085516490164643,1.2770338606680607,3.786109663484164,1.2620365544947212,1.0,1.0,2.883534677179741,0.7616088633117328,0.7654548267540806,2.2072155367600024,0.0,0.0,1.05,0.0,2.429994749740133,2.429994749740133,0.0,0.42572049001687334,0.42572049001687334,1.9954715329339818,10.372493855422647,3.457497951807549,0.06097775037548524,2.984695218818192,0.0640141036130676,2.8431234638556617,0,1,I,I,1,1,0
L034,wild type,sampled for quadrant I,0.44669890897831477,1.317956522025891,1.2015418539618394,0.26605942805628546,0.0007679087679029964,0.26529151928838246,6.132619273327094,0.004701366627642822,6.127917906699452,0.3988666836593836,5.729051223040068,22.96350036380136,0.45014825983996,0.34198454883578233,1.284982052925871,1.2044990985333999,1.275359591058515,3.764840742517786,1.2549469141725953,1.0,1.0,2.867269558319606,0.7615911945327287,0.8528707052869211,2.445410210451761,0.0,0.0,1.05,0.0,3.6825076962476904,3.6825076962476904,0.0,0.4717085984837707,0.4717085984837707,2.1500953046736653,14.836757231618158,4.945585743872719,0.03470480756039884,5.244230203070701,0.04596900674505161,3.9591893079045395,0,1,I,I,1,1,0
L035,wild type,sampled for quadrant I,0.4429178326379556,1.2187968353462688,1.2909167725966106,0.2632414685842179,0.0007562842424761231,0.26248518434174173,6.262683511891688,0.004451531484740689,6.258231980406947,0.4317513327161916,5.826480647690755,23.700608180262492,0.45396988953396006,0.3408729503938164,1.2771470009736126,1.2075014776056436,1.2775093315712476,3.7621578101505038,1.2540526033835013,1.0,1.0,2.865163660960794,0.7615745552274359,0.858730885958972,2.460404528994314,0.0,0.0,1.05,0.0,3.797827451412633,3.797827451412633,0.0,0.47464442886324204,0.47464442886324204,2.1603636854872152,15.301600619977295,5.100533539992432,0.03294977175589651,5.523558747184047,0.04465819136237764,4.075400154994323,0,1,I,I,1,1,0
L036,wild type,sampled for quadrant I,0.7560210227498101,1.290514916715427,1.3325272999249131,0.4963412413012129,0.0019786036214490326,0.49436263767976385,6.750358612143199,0.005025179195907485,6.745333432947291,0.5021585252290693,6.243174907718221,13.572891309962507,0.2255927889138067,0.40961891848462556,1.2710504348360778,1.2053635143798127,1.276346584754999,3.75276053397089,1.2509201779902968,1.0,1.0,2.8579957978980923,0.7615715876424375,0.878699830575637,2.5113204233989364,0.0,0.0,1.05,0.0,4.234013009548354,4.234013009548354,0.0,0.4844746930716071,0.4844746930716071,2.1951044306300145,17.15990663887763,5.719968879625877,0.02707743793985675,6.7214631016512945,0.04008831182212476,4.539976659719407,0,1,I,I,1,1,0
L037,wild type,sampled for quadrant I,0.7636061083370549,1.0106070791557586,1.3072159397670136,0.5019059870079429,0.002015681082602122,0.4998903059253408,5.758703898256758,0.003595590814231712,5.755108307442526,0.3709554373471312,5.384152870095395,11.4508557206057,0.22185795127607907,0.41086252814925145,1.2776969599326367,1.210397369927216,1.2760619125621804,3.764156242422033,1.254718747474011,1.0,1.0,2.866654039830004,0.7615661665482477,0.8346341469125103,2.3926073490268167,0.0,0.0,1.05,0.0,3.3625009584157097,3.3625009584157097,0.0,0.46158678408794057,0.46158678408794057,2.1150659313182745,13.575897674575295,4.525299224858432,0.040080152264734936,4.540900912697758,0.049945465881655354,3.6439744186438237,0,1,I,I,1,1,0
L038,wild type,sampled for quadrant I,0.9205117105291643,1.14274512170822,1.2075963115272113,0.6157506712051665,0.002816723468118533,0.6129339477370479,5.581253005702634,0.0037644857813309176,5.577488519921303,0.342873098903161,5.234615421018142,9.049447801648181,0.15766984613264143,0.43377545968240117,1.286851274208614,1.2090928435545545,1.2776763665812625,3.7736204843444314,1.2578734947814771,1.0,1.0,2.8739283062784677,0.7615838206840077,0.8252050251693022,2.371580080317293,0.0,0.0,1.05,0.0,3.20590843960401,3.20590843960401,0.0,0.45748567807174656,0.45748567807174656,2.101035895014845,13.016519534055625,4.338839844685208,0.04300635473266059,4.231932725555616,0.051938714046036505,3.5041298835139063,0,1,I,I,1,1,0
L039,wild type,sampled for quadrant I,0.9607055926319129,0.991244395021016,1.1440549341079427,0.6444677619586573,0.0030418848929431356,0.6414258770657142,4.861419839498305,0.002949132710634979,4.858470706787671,0.2701171252210329,4.588353581566638,7.531622996548173,0.1446550572959989,0.4388969441985345,1.293922363157774,1.2103482734565076,1.2752436158303562,3.779514252444638,1.2598380841482126,1.0,1.0,2.878439663062616,0.7615898421869437,0.7811116945054547,2.24838288274655,0.0,0.0,1.05,0.0,2.6100878240411207,2.6100878240411207,0.0,0.4337061460028842,0.4337061460028842,2.0215001804983466,10.94468613341526,3.64822871113842,0.05623094152042595,3.236652189682584,0.060947603969552615,2.986171533353815,0,1,I,I,1,1,0
L040,wild type,sampled for quadrant I,0.41754674351751075,1.2999404120212668,1.0232030340101221,0.24432542852226802,0.0006799723458656992,0.24364545617640232,5.251888466955394,0.004050641508343984,5.24783782544705,0.27476992111419807,4.973067904332852,21.407843852919974,0.4804768236438559,0.33314603562899836,1.2976070545245073,1.2046284559548543,1.2752854064413006,3.777520916920662,1.259173638973554,1.0,1.0,2.8770105559506622,0.7616134018116641,0.8062555286112526,2.319605666608155,0.0,0.0,1.05,0.0,2.928232158838895,2.928232158838895,0.0,0.4473867458673474,0.4473867458673474,2.066882548964396,12.025385336589625,4.008461778863208,0.04873035859290856,3.734838102063246,0.05589086089875394,3.2563463341474064,0,1,I,I,1,1,0
L041,wild type,sampled for quadrant I,0.6033041641243273,1.0390660646919774,1.0010062184963062,0.3831620806757343,0.001321398361152211,0.3818406823145821,4.35775564350074,0.0027242369884441404,4.355031406512296,0.21332775927198755,4.141703647240309,11.343534051657375,0.3167994858386626,0.3810092577299875,1.3017469340344767,1.2095359327178306,1.27592505384081,3.7872079205931173,1.2624026401977058,1.0,1.0,2.8843664308007795,0.7616076252684476,0.7438004481124894,2.145393043750241,0.0,0.0,1.05,0.0,2.209638362762055,2.209638362762055,0.0,0.4137991920651028,0.4137991920651028,1.9572372346148246,9.679075504625086,3.226358501541695,0.06733427702339849,2.7029324148940583,0.06817069508354957,2.6697688761562715,0,1,I,I,1,1,0
L042,wild type,sampled for quadrant I,0.6629292325296007,1.1891606425167298,1.3350134658368118,0.4275728068894624,0.001563541605396959,0.42600926528406546,6.424884094151514,0.0044755195563990595,6.420408574595115,0.45682438099998884,5.963584193595126,14.991348006381145,0.2772825045003355,0.39305907288375513,1.272155095702582,1.2081157707008228,1.2778191173826896,3.7580899837860944,1.2526966612620314,1.0,1.0,2.8620402120359345,0.7615677709644852,0.8657130404299418,2.477705533794384,0.0,0.0,1.05,0.0,3.9427030408007306,3.9427030408007306,0.0,0.47799987931794163,0.47799987931794163,2.1721598003671474,15.897687982947378,5.299229327649126,0.030870169174311596,5.895659300482554,0.04308281705371025,4.2244219957368445,0,1,I,I,1,1,0
L043,wild type,sampled for quadrant I,0.5444646764260432,1.0905287523050646,1.050879140915896,0.3391849037538106,0.001098480334490876,0.3380864234193197,4.704060623664969,0.00305971545473609,4.701000908210233,0.24255078485263976,4.4584501233575935,13.827952304048342,0.3614777778761088,0.3677689011449975,1.2989004877098147,1.2093761095502815,1.2768890717444685,3.7851656690045647,1.2617218896681883,1.0,1.0,2.8827940519713593,0.7616031381605249,0.7700788706862596,2.2199787879631705,0.0,0.0,1.05,0.0,2.4810221202470624,2.4810221202470624,0.0,0.42819572598626393,0.42819572598626393,2.003503335209597,10.53514497098445,3.5117149903281497,0.05959351342311056,3.0540236603908606,0.06311147383333406,2.8837862427461123,0,1,I,I,1,1,0
L044,wild type,sampled for quadrant I,0.7324067432061437,1.0579013013059817,1.106099366612959,0.4789557797550395,0.0018709039592075696,0.4770848757958319,4.857815071054962,0.003082666710829191,4.854732404344134,0.26345542032898545,4.591276984015148,10.121380502041877,0.23767113673643747,0.4056451302441674,1.2959550514836886,1.209918604716844,1.2766212233539496,3.782494879554482,1.2608316265181607,1.0,1.0,2.8807323050291034,0.7615958241213556,0.7808649800532632,2.2494629739053416,0.0,0.0,1.05,0.0,2.605269430438792,2.605269430438792,0.0,0.43390019686098996,0.43390019686098996,2.0221368822472994,10.93620723020962,3.6454024100698734,0.05635299806280384,3.229641833734668,0.0609908981939831,2.984051807552405,0,1,I,I,1,1,0
L045,wild type,sampled for quadrant I,0.6676354183306253,1.3300976980898334,1.3497180538952969,0.4310682912771259,0.0015828980365217367,0.4294853932406042,7.001438197333783,0.0053507636438039725,6.996087433689979,0.5405603001129582,6.4555271335770215,16.20447123448618,0.274389987134343,0.393958748125305,1.2681985748145017,1.2039227412100637,1.2752876945912792,3.7474090106158444,1.2491363368719481,1.0,1.0,2.8539174302616312,0.7615708405933043,0.8878535235463442,2.5338606463681175,0.0,0.0,1.05,0.0,4.462226787321862,4.462226787321862,0.0,0.4888250810214868,0.4888250810214868,2.210656760053965,18.19701620453924,6.0656720681797465,0.024434709275561677,7.448420930550089,0.037922560060550475,4.79925405113481,0,1,I,I,1,1,0
L046,wild type,sampled for quadrant I,0.623839552854649,1.2050290217485586,1.1066457356950958,0.39848358504015885,0.001402439388540081,0.3970811456516188,5.289562890699966,0.003747594830298135,5.285815295869668,0.29706840429990966,4.988746891569758,13.241001855353389,0.3025675395719086,0.38530361271122043,1.2941698070544128,1.2076460736481225,1.2772045045962206,3.779020385298756,1.259673461766252,1.0,1.0,2.8781003303388677,0.76159957790525,0.8085231572658442,2.3270107660134505,0.0,0.0,1.05,0.0,2.9588045298562173,2.9588045298562173,0.0,0.44884915495011274,0.44884915495011274,2.07179364505003,12.137606409739961,4.045868803246654,0.048064537959322286,3.7865754613937876,0.05541344269990272,3.2844016024349902,0,1,I,I,1,1,0
L047,wild type,sampled for quadrant I,0.9257509070866813,1.1829202094657454,1.1580822624285811,0.6195030301027895,0.0028454810345390556,0.6166575490682504,5.4590806072456814,0.003791537421733093,5.455289069823948,0.32270737401770455,5.132581695806244,8.797830699297885,0.155904897302823,0.4344582921361439,1.2906527707147009,1.2082658182452286,1.2775038187480168,3.7764224077079462,1.258807469235982,1.0,1.0,2.8760930637908992,0.761591991912925,0.8184025200365133,2.3538018112660084,0.0,0.0,1.05,0.0,3.1014872585579396,3.1014872585579396,0.0,0.45403575757829656,0.45403575757829656,2.0893056876641363,12.641695412736393,4.213898470912131,0.045075435049607565,4.03767594921049,0.053365800802172444,3.4104238531840982,0,1,I,I,1,1,0
L048,wild type,sampled for quadrant I,0.4546051937369629,1.002414918505372,1.241363630890333,0.27196157579161756,0.000793335307956707,0.27116824048366084,5.374313694924016,0.003318919051938978,5.370994775872077,0.32686214989685913,5.044132625975218,19.68890192452156,0.4422478854164835,0.34427766968633183,1.2851144944398007,1.210465405084334,1.2757511225808031,3.7713310221049374,1.2571103407016457,1.0,1.0,2.8721538328999823,0.7615756389628491,0.8135277845214075,2.3365769444837916,0.0,0.0,1.05,0.0,3.0344178313882857,3.0344178313882857,0.0,0.4507537671269988,0.4507537671269988,2.078207257481274,12.385212600417624,4.128404200139208,0.046456605552439606,3.9176344856827905,0.05438837781159233,3.346303150104406,0,1,I,I,1,1,0
L049,wild type,sampled for quadrant I,0.6074044571289042,1.105105099938885,1.1069762941914185,0.3862285926535673,0.0013370949759742756,0.384891497677593,4.991215200513456,0.003279779181572317,4.987935421331883,0.27347460583135164,4.714460815500532,12.889583298356351,0.31389844217263585,0.3818807114616126,1.295372190160739,1.2094325294305879,1.2772112143070784,3.782015933898405,1.260671977966135,1.0,1.0,2.8803706006266094,0.7615966328459112,0.789812386641396,2.2749523784926136,0.0,0.0,1.05,0.0,2.71298304283927,2.71298304283927,0.0,0.43881490811700696,0.43881490811700696,2.038329607476305,11.2956727006899,3.7652242335633,0.05368664734482993,3.390042198593851,0.05920782194854231,3.073918175172475,0,1,I,I,1,1,0
L050,wild type,sampled for quadrant I,0.5946386440740272,1.0823745273662888,1.239643634033761,0.3767072200850885,0.0012867640272071863,0.3754204560578813,5.575113546041736,0.0036180130006203902,5.571495533041116,0.3467357165705944,5.224759816470521,14.760410311420033,0.3229939585043632,0.37915265624744915,1.2844322389682425,1.2099356018069307,1.2772961841430086,3.771664024918182,1.257221341639394,1.0,1.0,2.8724148406620715,0.7615776012086289,0.8248693449145859,2.3693669479398576,0.0,0.0,1.05,0.0,3.202128585101258,3.202128585101258,0.0,0.45707441330501164,0.45707441330501164,2.0996340875688952,12.99671794932621,4.33223931644207,0.04307956797408651,4.224740603468395,0.05201219333244086,3.4991794873315527,0,1,I,I,1,1,0
L051,wild type,sampled for quadrant I,0.6499884421550008,1.0141301156586502,1.1689999685947363,0.4179479688103823,0.0015102581599192554,0.4164377106504631,5.037924034280444,0.0031122867206573035,5.034811747559786,0.2877737804240439,4.747037967135742,12.025178326048001,0.28540561316205404,0.39054758028915865,1.2916996238258625,1.2103487228594432,1.2758992045780644,3.7779475512633702,1.2593158504211235,1.0,1.0,2.877233929901569,0.7615865204214927,0.7928581098163463,2.281238255161216,0.0,0.0,1.05,0.0,2.75357349239857,2.75357349239857,0.0,0.44005189680021617,0.44005189680021617,2.0424255554317545,11.422769774217999,3.8075899247393328,0.0527149246423022,3.452532679027113,0.05860206807590354,3.1056924435544997,0,1,I,I,1,1,0
L052,wild type,sampled for quadrant I,0.38525651963247376,1.0833373586530455,1.104379531939934,0.2203750528384494,0.000587963315965595,0.21978708952248383,4.918874220915568,0.003182881992329448,4.915691338923239,0.26757602430254185,4.648115314620696,22.219641092554202,0.5162701218510198,0.3226012966500503,1.2957892360378722,1.209676393994348,1.276976704350225,3.782442334382445,1.260814111460815,1.0,1.0,2.880694843176343,0.7615964999626811,0.7850066526811247,2.2613646162376386,0.0,0.0,1.05,0.0,2.6543267226856,2.6543267226856,0.0,0.4361942878112743,0.4361942878112743,2.0296792581020933,11.099485689603814,3.699828563201271,0.05512259263914964,3.301731491322097,0.06016784669000569,3.0248714224009534,0,1,I,I,1,1,0
L053,wild type,sampled for quadrant I,0.9390644506696679,1.2757071861987521,1.172753592113381,0.6290308615707253,0.0029185686017704202,0.6261122929689549,5.836677696165357,0.004339545880004729,5.832338150285352,0.3615362945406284,5.470801855744724,9.264113954059297,0.15151167645200372,0.4361733630613969,1.288167162763633,1.2058880919385135,1.2763482928062726,3.7704035475084194,1.2568011825028065,1.0,1.0,2.8715146036930532,0.7615934388748983,0.8386148895776855,2.408094902296761,0.0,0.0,1.05,0.0,3.424243247988591,3.424243247988591,0.0,0.4645049021844327,0.4645049021844327,2.125105933856263,13.83218002938855,4.61072667646285,0.0389818917999755,4.668834466369187,0.049082467887898974,3.7080450073471374,0,1,I,I,1,1,0
L054,wild type,sampled for quadrant I,0.5419509574351484,0.9695910137762873,1.08234038835886,0.337304162465486,0.0010896262775901555,0.3362145361878959,4.527343462416615,0.002695429760057573,4.5246480326565575,0.23711565862617673,4.287532374030381,13.382464553265725,0.36352308102425274,0.36716880248607453,1.2983568089088084,1.2101354628224876,1.2744196084858308,3.782911880217127,1.2609706267390424,1.0,1.0,2.8810584767978002,0.7615980937500549,0.7570245408770652,2.1810319706378314,0.0,0.0,1.05,0.0,2.343616062018726,2.343616062018726,0.0,0.42069524276748405,0.42069524276748405,1.9792641983839385,10.089178366343841,3.363059455447947,0.06339464912159327,2.8709047612349314,0.06564958881079169,2.7722945915859603,0,1,I,I,1,1,0
L055,wild type,sampled for quadrant I,0.6242452802688649,1.1634194731374063,1.16364489795852,0.39878866239749455,0.001404072545726493,0.39738458985176806,5.425930939075068,0.0037178862516728047,5.422213052823395,0.320733314114025,5.1014797387093695,13.571998031500634,0.3022907467399039,0.3853872308823709,1.2904465831335725,1.2086630816863446,1.2775760265329723,3.7766856913528892,1.258895230450963,1.0,1.0,2.8762883483339423,0.7615906070551491,0.8165115247177073,2.3485225848259232,0.0,0.0,1.05,0.0,3.0736904679974715,3.0736904679974715,0.0,0.45302087831998644,0.45302087831998644,2.0858674406259055,12.541785129894578,4.180595043298193,0.04564280473190901,3.9874850169486473,0.05375952970874435,3.3854462824736444,0,1,I,I,1,1,0
L056,wild type,sampled for quadrant I,0.6114094050741881,1.2339103158663478,1.1379796661958892,0.38921899141632865,0.001352455464023195,0.38786653595230547,5.52775969223064,0.003995576299651908,5.523764115930987,0.3245141763360098,5.199249939594978,14.165788477304059,0.31109499158839177,0.38272505269809903,1.2915421028562912,1.207019550726747,1.2769762736692547,3.7755379272522926,1.2585126424174309,1.0,1.0,2.8754365825326254,0.7615965295375193,0.8222584773216062,2.3643521059881194,0.0,0.0,1.05,0.0,3.159412009942868,3.159412009942868,0.0,0.45605945525713226,0.45605945525713226,2.0961785756676075,12.85055815341726,4.28351938447242,0.04391567345193957,4.144306250914656,0.05256105869064816,3.462639538354315,0,1,I,I,1,1,0
L057,wild type,sampled for quadrant I,0.601279202380254,1.1628331842898627,1.2066818831492223,0.3816637735161605,0.00131252177472291,0.3803512517414376,5.636645908220685,0.003858603893575087,5.63278730432711,0.3483226157521845,5.284464688574925,14.730022276285949,0.318226679811472,0.38058048125302196,1.2866851922536522,1.2087343629534446,1.2776812153019264,3.773100770509023,1.2577002568363411,1.0,1.0,2.8735352444775413,0.7615845478968952,0.8282047376438584,2.3798755032629026,0.0,0.0,1.05,0.0,3.252911801064207,3.252911801064207,0.0,0.4590840540619996,0.4590840540619996,2.106492896985458,13.189820641224925,4.396606880408308,0.04210625803686572,4.3223978687598335,0.05130438350185912,3.547455160306231,0,1,I,I,1,1,0
L058,wild type,sampled for quadrant I,0.9229436159127639,0.9793283990896808,1.0947075878252,0.6174861324251425,0.002831392737412913,0.6146547396877295,4.605934162782173,0.0027605386490809863,4.603173624133092,0.24420968921715103,4.358963934915941,7.447109840154169,0.15685108965171793,0.4340915601929272,1.297498432010727,1.2101920505603303,1.2747616408554823,3.7824521234265394,1.2608173744755131,1.0,1.0,2.8807023667712146,0.7615965180179397,0.7629192375037207,2.1977432531322587,0.0,0.0,1.05,0.0,2.405430371000833,2.405430371000833,0.0,0.4239223302956073,0.4239223302956073,1.989656949652315,10.284962482961976,3.4283208276539923,0.061655535833844505,2.951884166418921,0.06451062651729092,2.8212406207404936,0,1,I,I,1,1,0
L059,wild type,sampled for quadrant I,0.7312826733518755,1.074805446286366,1.2367191268945255,0.4781345378714346,0.0018652808755999495,0.47626925699583467,5.539034429497898,0.003575196432544936,5.535459233065353,0.34269616678433057,5.192763066281023,11.560499174418059,0.23825741513047588,0.40545362621452313,1.2848152654682472,1.210012896416583,1.277192466579384,3.772020628464214,1.2573402094880712,1.0,1.0,2.872687322127993,0.7615778398586367,0.8228836219246127,2.3638873482896,0.0,0.0,1.05,0.0,3.1715718847757532,3.1715718847757532,0.0,0.45601674476588516,0.45601674476588516,2.0960332888872806,12.88505995836669,4.29501998612223,0.043676025628031134,4.1670458193703634,0.0524304541847751,3.4712649895916723,0,1,I,I,1,1,0
L060,wild type,sampled for quadrant I,0.7452320851929327,0.9996262782534978,1.1504698762590246,0.48839903819705816,0.001930123953342404,0.48646891424371574,4.912579809835795,0.0030004523162054015,4.90957935751959,0.27499741915827086,4.634581938361319,10.037984193703561,0.23103244712238666,0.40781987823762533,1.2933415193166757,1.210349765005062,1.2754872134554336,3.7791784977771714,1.2597261659257237,1.0,1.0,2.878180798417243,0.7615890067405191,0.7845833438340507,2.2581727149811583,0.0,0.0,1.05,0.0,2.6514066425384315,2.6514066425384315,0.0,0.4355965788119193,0.4355965788119193,2.0277114402311547,11.081402569035816,3.693800856345272,0.05519507332462945,3.2973957463480157,0.06025790431533477,3.020350642258954,0,1,I,I,1,1,0
L061,wild type,sampled for quadrant II,0.047220196136024635,0.9534365032190957,1.152474509602344,0.008252444576652003,1.1567572255095913e-05,0.008240877004396907,4.809162728262725,0.002855692254859832,4.8063070360078655,0.26761807177392316,4.538688964233942,519.7721195108116,0.9755466155656423,0.09202337983655334,1.2936242580477755,1.2103464278195233,1.2740647325019523,3.7780354183692513,1.259345139456417,1.0,1.0,2.8773079263344674,0.7615883938897605,0.7775078263457452,2.237129431531695,0.0,0.0,1.05,0.0,2.5691776044761703,2.5691776044761703,0.0,0.43153883200337306,0.43153883200337306,2.0144025988876395,10.805799030157981,3.6019330100526603,0.057275718045308455,3.1776118433998035,0.06166461059859818,2.9514497575394953,1,1,II,II,1,0,1
L062,wild type,sampled for quadrant II,0.023418958932742005,1.2063947280229288,1.1148397439550735,0.0022733081157103536,3.096954201414063e-06,0.0022702111615089393,5.3309666329019425,0.0037848079678561644,5.327181824934087,0.3023581572310251,5.024823667703061,1628.6174244690828,0.993203278559599,0.05125953297449002,1.293582643978356,1.2076381226629236,1.2772099698781902,3.7784307365194696,1.2594769121731566,1.0,1.0,2.8776473840879184,0.7615985536732864,0.8109846542514585,2.3337278688421543,0.0,0.0,1.05,0.0,2.9934539560919324,2.9934539560919324,0.0,0.4501473332814629,0.4501473332814629,2.0761629938299118,12.258910363137792,4.086303454379264,0.04732091648963348,3.846079355624282,0.054906472708645335,3.314727590784448,1,1,II,II,1,0,1
L063,wild type,sampled for quadrant II,0.04881845817711398,0.9558286107077607,1.2703642302306741,0.00876161158806717,1.2332944816579403e-05,0.008749278643250591,5.416327293452743,0.0032697952439561316,5.4130574982087865,0.3325170529606879,5.080540445248099,554.8599475186855,0.9740576046238085,0.09446797840282024,1.2824865720407332,1.2104705074883468,1.2743758922272277,3.7673329717563075,1.2557776572521024,1.0,1.0,2.869089628039244,0.7615704928523194,0.8159600230986956,2.3410624391671297,0.0,0.0,1.05,0.0,3.0719950590416567,3.0719950590416567,0.0,0.4516318723762744,0.4516318723762744,2.0811708822460733,12.508747887127559,4.1695826290425195,0.04567764046786343,3.984443989133948,0.053891005005260985,3.3771869717818896,1,1,II,II,1,0,1
L064,wild type,sampled for quadrant II,0.05920874505068715,0.9791407770270173,1.1981250276711979,0.012331968844115008,1.7840920171634003e-05,0.012314127923943374,5.093970159085924,0.003090154083391939,5.090880005002532,0.2964314367098938,4.794448568292638,382.08686343686605,0.9636800801342172,0.10953505644327433,1.2895131097255235,1.210464176059401,1.275004493403952,3.7749817791888765,1.2583272597296256,1.0,1.0,2.874957389784507,0.7615817924298018,0.7964544924375829,2.289772728660498,0.0,0.0,1.05,0.0,2.801107276342034,2.801107276342034,0.0,0.4417097021322624,0.4417097021322624,2.04792783193728,11.57735717445496,3.8591190581516535,0.051599315800680896,3.5271785521930963,0.057881794235643776,3.14433929361374,1,1,II,II,1,0,1
L065,wild type,sampled for quadrant II,0.035312721361958184,1.0585701472474582,1.1024926230604857,0.004870840909589203,6.643387997696021e-06,0.004864197521591507,4.843167163414325,0.003080588965605506,4.840086574448719,0.26176209530991423,4.578324479138805,824.9528880102481,0.9854937220505123,0.07275111028521182,1.2961787404611425,1.2098987143891495,1.2766124568977166,3.7826899117480086,1.2608966372493362,1.0,1.0,2.8808825799185214,0.7615962838960925,0.7798595965226542,2.246683926404401,0.0,0.0,1.05,0.0,2.593402648044318,2.593402648044318,0.0,0.4333630474164849,0.4333630474164849,2.0203749276582106,10.897387369111613,3.6324624563705377,0.05665473092475995,3.2124413447785014,0.061189904759263156,2.974346842277903,1,1,II,II,1,0,1
L066,wild type,sampled for quadrant II,0.05368439738618802,1.2336135013238265,0.9969873051774221,0.010370818203896993,1.4808927127608426e-05,0.010356009276769385,4.913340868637004,0.0036031370920393806,4.909737731544965,0.2453360674168273,4.664401664128137,432.10090782676565,0.9693665572066953,0.1016697485866187,1.2996479819314006,1.2064584729799992,1.276484385623766,3.782590840535166,1.260863613511722,1.0,1.0,2.880870127322039,0.7616129390601627,0.7846345704740778,2.26043029494293,0.0,0.0,1.05,0.0,2.649307436602035,2.649307436602035,0.0,0.4359745908606294,0.4359745908606294,2.0289557351206375,11.082938739258477,3.694312913086159,0.05524723758055373,3.2942823563736243,0.06025024339771476,3.0207346848146193,1,1,II,II,1,0,1
L067,wild type,sampled for quadrant II,0.049793398469767915,1.1206414873615433,1.0250014774227632,0.00907183955103253,1.2816264301170523e-05,0.00905902328673136,4.679759423403248,0.003123407608194084,4.676636015795054,0.2359862478257681,4.440649767969286,464.6380037818906,0.9731514866244447,0.09592188637347093,1.2998349920513446,1.2088630285476567,1.2770392870912664,3.785737307690268,1.261912435896756,1.0,1.0,2.883242440851285,0.7616065792505798,0.7683261741963845,2.2152706338599133,0.0,0.0,1.05,0.0,2.461365381935141,2.461365381935141,0.0,0.4272795059001412,0.4272795059001412,2.0005265647260906,10.472822479348485,3.490940826449495,0.06012298805756412,3.027128322793039,0.06345430702082487,2.8682056198371213,1,1,II,II,1,0,1
L068,wild type,sampled for quadrant II,0.035896693279671404,1.3477008766466816,1.1941953673925423,0.005021483303686151,6.914584410848018e-06,0.005014568719275303,6.209626608415191,0.004876988301531299,6.20474962011366,0.4047587084802621,5.799990911633397,1031.245341926609,0.9850484512721033,0.07375516211569032,1.2851712917818872,1.2033587554029035,1.2743860768935211,3.7629161240783118,1.2543053746927706,1.0,1.0,2.865813214270026,0.7615937001444533,0.8563690785518987,2.4541938216062773,0.0,0.0,1.05,0.0,3.7505557985073823,3.7505557985073823,0.0,0.473396384657517,0.473396384657517,2.1559925385108594,15.108223564988723,5.036074521662908,0.0336581955016334,5.4073011724935665,0.04519430693663269,4.027055891247181,1,1,II,II,1,0,1
L069,wild type,sampled for quadrant II,0.04982143328961733,1.212989131667675,1.1588577500612003,0.009084169672058749,1.2841102802894562e-05,0.009071328569255854,5.557861198532189,0.003955594707187672,5.553905603825001,0.3319564335433193,5.221949170281682,551.1471325132429,0.9731154900633909,0.09597520746050273,1.2901866047959234,1.207590326043544,1.2772749818889548,3.7750519127284226,1.2583506375761409,1.0,1.0,2.8750527104153614,0.7615928937881583,0.8239226029322014,2.3688209127327053,0.0,0.0,1.05,0.0,3.1850846910922956,3.1850846910922956,0.0,0.4569305921475977,0.4569305921475977,2.099144089894061,12.943686382118404,4.314562127372802,0.043411247915385615,4.192461832812145,0.05221000960933819,3.485921595529601,1,1,II,II,1,0,1
L070,wild type,sampled for quadrant II,0.04204411172183193,1.1670614314025867,1.1231386939664558,0.006694532723411032,9.283752948067652e-06,0.006685248970462965,5.246217674243554,0.0036140208412132205,5.242603653402341,0.2970162735960886,4.945587379806252,681.8110810396131,0.9801167339162412,0.08389729069143632,1.2935022128025973,1.2084957309408344,1.2774499852833854,3.779447929026817,1.2598159763422723,1.0,1.0,2.8784130789695705,0.7615961730449725,0.8059118852319672,2.319747310948718,0.0,0.0,1.05,0.0,2.922856342453623,2.922856342453623,0.0,0.44745652285524634,0.44745652285524634,2.0671166109645975,12.012131386525583,4.004043795508528,0.048848385753209156,3.725814009893731,0.05594779044068551,3.253032846631396,1,1,II,II,1,0,1
L071,wild type,sampled for quadrant II,0.04287606996051452,1.0408632062012075,1.148927157224328,0.006936304470976279,9.623097369865137e-06,0.006926681373606414,5.010618580471927,0.0031529733524708475,5.007465607119457,0.28240371438423784,4.725061892735219,631.354126948654,0.9794060980581749,0.08522915567690734,1.2930289280934444,1.2101676056140844,1.2764239755182833,3.779620509225812,1.2598735030752708,1.0,1.0,2.878520228015131,0.761589747168756,0.7910830148993059,2.2771484604268473,0.0,0.0,1.05,0.0,2.7303171466926095,2.7303171466926095,0.0,0.43925516737248016,0.43925516737248016,2.0397864626113043,11.34815475929327,3.7827182530977566,0.0532695019350845,3.416589106122854,0.05895617719336602,3.0870386898233173,1,1,II,II,1,0,1
L072,wild type,sampled for quadrant II,0.025319004029046605,1.2320308843700718,1.111636112207391,0.0026307408472829937,3.5804723621599624e-06,0.002627160374920834,5.3998999614621646,0.003910705740917669,5.395989255721247,0.3073567885934033,5.088632467127844,1487.2722093352083,0.9921388392771652,0.054862308912260356,1.2934609410064757,1.206996509055192,1.2769151398523328,3.777372589914001,1.2591241966380002,1.0,1.0,2.87684665989884,0.7615999193673232,0.8150128171058104,2.3446669006655947,0.0,0.0,1.05,0.0,3.0513223550556523,3.0513223550556523,0.0,0.45225393589568713,0.45225393589568713,2.083272917580794,12.462966669445347,4.154322223148449,0.04610454924794082,3.9475497097095835,0.05407426296703388,3.3657416673613367,1,1,II,II,1,0,1
L073,wild type,sampled for quadrant II,0.03693344563450842,0.9974198615446116,1.1334809277293056,0.005288284317260934,7.230526258967948e-06,0.005281053791001966,4.827108565569382,0.002945782378198419,4.824162783191184,0.26590928357277877,4.558253499618406,767.6352279936327,0.9842603309454726,0.0754987669673213,1.2946462032512291,1.210306290356157,1.2753751923022745,3.780327685909661,1.2601092286365536,1.0,1.0,2.8790649054016906,0.7615913604878146,0.7787520867419107,2.242077802946968,0.0,0.0,1.05,0.0,2.582084980244216,2.582084980244216,0.0,0.4324862990046181,0.4324862990046181,2.017502319846772,10.854070622665756,3.618023540888585,0.056944006673783736,3.196122131739465,0.061413502852599555,2.963517655666439,1,1,II,II,1,0,1
L074,wild type,sampled for quadrant II,0.01639387846145852,1.2881271392851477,0.9861035847126127,0.0011582181521441845,1.6512613770322804e-06,0.0011565668907671522,5.05744133514886,0.003887427749042904,5.053553907399817,0.2529243437152633,4.800629563684553,2343.341116895113,0.9965313751697191,0.03730408418275236,1.2993172465678018,1.20481875140459,1.2754218024037562,3.779557800376148,1.2598526001253827,1.0,1.0,2.87857322532799,0.7616164052423036,0.7941176556385937,2.285925821281489,0.0,0.0,1.05,0.0,2.767628086118328,2.767628086118328,0.0,0.440883556790028,0.440883556790028,2.045183994900227,11.47461862674032,3.8248728755801067,0.052382577643621205,3.4744376505909256,0.058358497504643156,3.11865465668508,1,1,II,II,1,0,1
L075,wild type,sampled for quadrant II,0.015759927238787295,1.318505689506526,1.2239943363676,0.0010767019156077374,1.5908610073956315e-06,0.0010751110546003417,6.249170038527062,0.004788038366790574,6.244382000160272,0.41743181271388924,5.826950187446382,3009.180080954599,0.996775105432348,0.03602002529991566,1.2828336660421331,1.2044905992428288,1.2753924111113757,3.762716676396338,1.2542388921321126,1.0,1.0,2.8656396204855756,0.7615879341811304,0.8581330506519285,2.4591000695963214,0.0,0.0,1.05,0.0,3.7852819305639502,3.7852819305639502,0.0,0.47435782821980027,0.47435782821980027,2.159359112855621,15.251144234668649,5.08371474488955,0.03313631524646171,5.492463439169928,0.04479684565514801,4.062786058667163,1,1,II,II,1,0,1
L076,wild type,sampled for quadrant II,0.0522414312833768,1.2885898859089984,1.2435714076029052,0.00988682684956033,1.4068553334860035e-05,0.00987275829622547,6.2420452755142755,0.004671825449524025,6.2373734500647515,0.42156357977892867,5.815809870285823,573.3576331992791,0.9707750746232304,0.09957812419153181,1.2813256501570651,1.2055251195903114,1.2762225499594788,3.763073319706855,1.2543577732356184,1.0,1.0,2.865895716420874,0.7615838100768465,0.8578168336328363,2.458413588982063,0.0,0.0,1.05,0.0,3.7789598610826887,3.7789598610826887,0.0,0.47423617813813107,0.47423617813813107,2.1589328546855326,15.226343612339514,5.075447870779838,0.03323072000962331,5.47685996413242,0.04486531392361147,4.056585903084878,1,1,II,II,1,0,1
L077,wild type,sampled for quadrant II,0.05341198020495746,1.1402312697153225,1.040218719494968,0.010278559135870814,1.4658166301508215e-05,0.010263900969569306,4.800529747909426,0.0032514653686952595,4.797278282540731,0.24663439164013312,4.550643890900598,425.63324712654247,0.9696348929050154,0.10127601441404116,1.2988753507770825,1.2086455622330141,1.2771747828251214,3.784695695835218,1.2615652319450728,1.0,1.0,2.882444859427548,0.7616054475923834,0.7769067751491953,2.2393909402832315,0.0,0.0,1.05,0.0,2.5578873422574993,2.5578873422574993,0.0,0.4319345021740525,0.4319345021740525,2.0156964888090085,10.78516084151498,3.5950536138383264,0.05756745456263974,3.161508553447746,0.0617725977430458,2.946290210378745,1,1,II,II,1,0,1
L078,wild type,sampled for quadrant II,0.04812853497093932,1.1993525307050281,1.1658574168776739,0.00853992120698859,1.2020307124595509e-05,0.008527900899863994,5.54784725355509,0.003907758566327305,5.543939494988763,0.3324965831311211,5.211442911857642,581.5401545969735,0.9747056376986557,0.09341568612214753,1.2897956638666537,1.2079216775844455,1.2774133275116715,3.7751306689627704,1.2583768896542569,1.0,1.0,2.8751072389770798,0.7615914496986206,0.8233707307028767,2.3672791482056885,0.0,0.0,1.05,0.0,3.1766603467830743,3.1766603467830743,0.0,0.45663682729520827,0.45663682729520827,2.098143590403242,12.912887043289915,4.304295681096638,0.04357613033352876,4.176598486533437,0.05232558833654221,3.478221760822479,1,1,II,II,1,0,1
L079,wild type,sampled for quadrant II,0.04473510336848699,1.2260492902992564,1.1382008218334045,0.007488616947474756,1.0458417873879908e-05,0.007478158529600876,5.502657097128074,0.003959464454405298,5.498697632673668,0.3223531154113277,5.17634451726234,648.2395343289742,0.9777846271445213,0.08816937966078342,1.2916255235441438,1.2072221859602088,1.27707180047951,3.7759195099838627,1.2586398366612876,1.0,1.0,2.875725893567442,0.7615961849726325,0.820858689929599,2.3605645895903957,0.0,0.0,1.05,0.0,3.1381330430832723,3.1381330430832723,0.0,0.45532974598574677,0.45532974598574677,2.093697732410006,12.773717448998816,4.257905816332939,0.04433820929880163,4.104811693532221,0.05285428590325242,3.443429362249704,1,1,II,II,1,0,1
L080,wild type,sampled for quadrant II,0.04506103935710703,1.1466551183795717,1.0758354277827358,0.007585714606597371,1.0591706312645775e-05,0.007575122900284725,4.97266120184127,0.003379228098873196,4.969281973742397,0.26578905562725036,4.703492918115147,579.1784877196145,0.9774998468285225,0.08867417333375964,1.296848231663568,1.2086996579113871,1.2773096766055,3.7828575661804553,1.2609525220601518,1.0,1.0,2.8810301375626457,0.7616015372399064,0.7885901527648744,2.271951996300734,0.0,0.0,1.05,0.0,2.6973299774416635,2.6973299774416635,0.0,0.43822432794192406,0.43822432794192406,2.0363769616350282,11.244965971055546,3.7483219903518488,0.054066144613069654,3.3662470535397544,0.05945300311334754,3.0612414927638865,1,1,II,II,1,0,1
L081,wild type,sampled for quadrant II,0.006327568254598899,1.0896066208175146,1.3244657533012902,0.0001888230003936934,4.52640922969173e-07,0.00018837035947072422,6.0685576415864615,0.003980852344194895,6.064576789242267,0.40905727672818437,5.655519512514083,5104.677180351308,0.9994336914120924,0.01545523290894928,1.2747068779483397,1.2097778732661857,1.27750569121469,3.7619904424292154,1.2539968141430717,1.0,1.0,2.8650038446590433,0.7615659551779816,0.8498956054058918,2.434954177046705,0.0,0.0,1.05,0.0,3.6296226121955617,3.6296226121955617,0.0,0.4697569690060671,0.4697569690060671,2.14329629250551,14.61396956974625,4.871323189915416,0.03554062866772588,5.12089984962119,0.04662491474369071,3.9034923924365623,1,1,II,II,1,0,1
L082,wild type,sampled for quadrant II,0.014615426786784382,1.0324301554786106,1.1555915973427224,0.0009320985571910151,1.3173485782297629e-06,0.0009307812086127853,5.020288529581575,0.003142277789362926,5.017146251792212,0.2842479180722297,4.732898333719983,2598.3604774698088,0.9972076103215496,0.03362565874384439,1.2925921902861952,1.2102335902868981,1.2762699694024622,3.7790957499755553,1.259698583325185,1.0,1.0,2.8781165396385506,0.7615886788941951,0.7917133796747474,2.278643372695026,0.0,0.0,1.05,0.0,2.738502879097186,2.738502879097186,0.0,0.4395461175688051,0.4395461175688051,2.0407498128290853,11.37455605055209,3.7915186835173635,0.0530736404425737,3.4291975919180846,0.05883039335116352,3.0936390126380227,1,1,II,II,1,0,1
L083,wild type,sampled for quadrant II,0.03974697931782721,0.9867275618035855,1.279700402893763,0.006048044222655709,8.327337152398705e-06,0.00603971688550331,5.5429454527311925,0.003409666275547822,5.5395357864556445,0.3462758304426917,5.193259956012953,786.4515711909943,0.9820194810696611,0.08018034781138929,1.2811432697161975,1.2104812480008678,1.2753720059431501,3.7669965236602154,1.2556655078867385,1.0,1.0,2.86883011311354,0.7615696205437511,0.8230999604030711,2.3613339525068926,0.0,0.0,1.05,0.0,3.178201833948752,3.178201833948752,0.0,0.45554479011249494,0.45554479011249494,2.0944285275618606,12.894518266374384,4.298172755458128,0.043545913394483174,4.179496669440801,0.052394763607012285,3.473629566593596,1,1,II,II,1,0,1
L084,wild type,sampled for quadrant II,0.016524243965636305,1.235059262356776,1.010775032371209,0.0011759794132186762,1.6615513940287997e-06,0.0011743178618246475,4.974410160026044,0.0036464885169115767,4.970763671509133,0.2522305130403513,4.718533158468781,2286.055708894769,0.9964782776225808,0.0375746669014364,1.2990599751505618,1.206496986809493,1.2765187334884864,3.7820756954485413,1.260691898482847,1.0,1.0,2.880472986077435,0.7616116698943596,0.7887056671269267,2.271845368125294,0.0,0.0,1.05,0.0,2.6989183033838384,2.6989183033838384,0.0,0.4381793063221131,0.4381793063221131,2.0362281826019526,11.248184920925747,3.7493949736419157,0.05402751482293415,3.3686539274751683,0.05943737824828465,3.0620462302314366,1,1,II,II,1,0,1
L085,wild type,sampled for quadrant II,0.050245444399003455,0.9725065887977167,1.1046124594461468,0.009220798826230963,1.3029834544668777e-05,0.009207768991686294,4.633549125390714,0.002773276496980474,4.630775848893734,0.24768091022386096,4.383094938669873,453.3451058149228,0.9727167039587288,0.09660427370306453,1.2969107830240532,1.21022628288805,1.2745698738493105,3.7817069397614134,1.2605689799204711,1.0,1.0,2.8801297199404767,0.7615951647808498,0.7649563651083853,2.203173561606299,0.0,0.0,1.05,0.0,2.427602287287435,2.427602287287435,0.0,0.42497294893685605,0.42497294893685605,1.9930522007578333,10.354313114991102,3.451437704997034,0.06104343486756948,2.981483600895648,0.06411660420380881,2.8385782787477756,1,1,II,II,1,0,1
L086,wild type,sampled for quadrant II,0.007973834460730429,1.215736014945837,1.2663779887912208,0.000293395834587002,6.044756673157731e-07,0.0002927913589196862,6.116247579722012,0.004345116244605604,6.111902463477406,0.4106637714104401,5.701238692066966,4728.828882980753,0.9991201997476336,0.01919693974511927,1.279945330920709,1.2075971238754812,1.2774921731602873,3.765034627956478,1.2550115426521593,1.0,1.0,2.8673669048570614,0.7615778308029434,0.8521160402750516,2.44332933298253,0.0,0.0,1.05,0.0,3.6685731304948765,3.6685731304948765,0.0,0.47134189587829894,0.47134189587829894,2.148816156680281,14.781266418785723,4.927088806261907,0.03492310967305593,5.21144885732835,0.046130645075062066,3.9453166046964308,1,1,II,II,1,0,1
L087,wild type,sampled for quadrant II,0.0391187995147244,1.0576911769395516,1.1026881471252756,0.005872473770681352,8.07583376339804e-06,0.005864397936917953,4.841703958788773,0.003077683293983447,4.838626275494789,0.26169425655386314,4.576932018940926,704.5067206285977,0.982536858124302,0.07913519847993329,1.2961753720406117,1.209906464792554,1.2765986550320738,3.7826804918652392,1.2608934972884132,1.0,1.0,2.8808752570519722,0.7615962445803645,0.7797589139880915,2.24638816177401,0.0,0.0,1.05,0.0,2.5922381137207795,2.5922381137207795,0.0,0.43330609117859503,0.43330609117859503,2.020188190175263,10.893510233732,3.631170077910667,0.05668442807577319,3.2107583366054357,0.061209851901860665,2.973377558433,1,1,II,II,1,0,1
L088,wild type,sampled for quadrant II,0.040384083705439326,1.2457731635956113,1.119481376677646,0.0062230698850417165,8.609923380127055e-06,0.006214459961661589,5.481696428642307,0.004009626126402606,5.477686802515905,0.3161254833169491,5.161561319198956,758.9150480177927,0.9815039805897738,0.08121216514942593,1.2927243901648844,1.2066505997540315,1.2767390779439194,3.7761140678628355,1.258704689287612,1.0,1.0,2.87588636722715,0.761599442056795,0.8196814254708579,2.3573106369809573,0.0,0.0,1.05,0.0,3.1203761655349473,3.1203761655349473,0.0,0.45469393372671446,0.45469393372671446,2.091538511155127,12.709392692785029,4.236464230928343,0.044693917234112854,4.07214250312093,0.05310227931417643,3.427348173196257,1,1,II,II,1,0,1
L089,wild type,sampled for quadrant II,0.035461310124524414,1.1613400977964128,1.1956556918068095,0.004910199603183458,6.7199054880120256e-06,0.004903479697695445,5.576489818406984,0.0038193258471476777,5.572670492559837,0.340569498885964,5.232100993673873,943.536630370872,0.9853773656837637,0.07301318455018092,1.2877083307250932,1.2087496641676054,1.277650188232092,3.7741081831247905,1.2580360610415968,1.0,1.0,2.874308138260161,0.761586048622582,0.8249446498074502,2.371145120555733,0.0,0.0,1.05,0.0,3.201525372004104,3.201525372004104,0.0,0.45739616051765053,0.45739616051765053,2.100730692266456,13.001731757734582,4.333910585911528,0.04309126333317306,4.2235939706109855,0.05199356855253647,3.5004329394336455,1,1,II,II,1,0,1
L090,wild type,sampled for quadrant II,0.0539997197996189,1.014089584202825,1.132229645015526,0.010481795755342664,1.4960302070681459e-05,0.010466835453271983,4.863280642261827,0.003001471175081918,4.860279171086745,0.2683685336243993,4.5919106374623455,423.5644620310255,0.9690438771441244,0.10213601454248596,1.2945710830486719,1.2102561092872102,1.2757977222329635,3.7806249145688455,1.2602083048562818,1.0,1.0,2.8792925619068366,0.7615917016288298,0.7812389412435021,2.249415472594388,0.0,0.0,1.05,0.0,2.610863698492357,2.610863698492357,0.0,0.43390088585432496,0.43390088585432496,2.0221391432658216,10.95006716648495,3.6500223888283165,0.05621131227943373,3.2377824430650963,0.06092015968259511,2.9875167916212373,1,1,II,II,1,0,1
L091,wild type,sampled for quadrant II,0.037378404985835174,0.9974993975972385,1.2886472168873477,0.005407756658610054,7.408528301624416e-06,0.00540034813030843,5.619728440596536,0.0034819679979749326,5.6162464725985615,0.3549088658457775,5.261337606752784,877.0196404143016,0.9839076184996157,0.07625711369970084,1.2800140866083651,1.2104560349921547,1.275687386710668,3.766157508311188,1.2553858361037293,1.0,1.0,2.8681870108930427,0.7615685229742791,0.8272941011333482,2.3728341950591045,0.0,0.0,1.05,0.0,3.243412277539457,3.243412277539457,0.0,0.4577661655706801,0.4577661655706801,2.1019924812667554,13.13338998694623,4.3777966623154105,0.04228663853109005,4.30395998173725,0.051509227486992826,3.5333474967365577,1,1,II,II,1,0,1
L092,wild type,sampled for quadrant II,0.009679120414411867,1.3204109807041042,1.2417016397487617,0.00042491923839241323,7.929983049386469e-07,0.00042412624008747457,6.349024744736785,0.004864251715067182,6.344160493021718,0.4332448587892187,5.9109156342324995,4455.708487661183,0.9987260544433005,0.023004042632367754,1.2810276329596124,1.2044231229623206,1.275376910944344,3.7608276668662772,1.2536092222887592,1.0,1.0,2.864191569250119,0.7615854335693921,0.8624915944856176,2.4703411534747985,0.0,0.0,1.05,0.0,3.8738193395469196,3.8738193395469196,0.0,0.4765327842833958,0.4765327842833958,2.1669943115286676,15.614677241986875,5.204892413995625,0.03184205767250134,5.715711021941098,0.043816680239822804,4.153669310496719,1,1,II,II,1,0,1
L093,wild type,sampled for quadrant II,0.05952629192260942,0.9875781145624609,1.0809249700515666,0.012445495703104081,1.8026980099927757e-05,0.012427468723004154,4.564972065310933,0.0027562653970034517,4.562215799913929,0.2392774802941845,4.322938319619745,339.5168289895809,0.9633519253012666,0.109968046541249,1.298263327771483,1.2101293520338192,1.2749521097408518,3.7833447895461543,1.261114929848718,1.0,1.0,2.8813889709834455,0.7615983028945912,0.7598649415573047,2.189466462040198,0.0,0.0,1.05,0.0,2.372749337873731,2.372749337873731,0.0,0.4223216698224768,0.4223216698224768,1.9844952612547033,10.182726397311056,3.3942421324370184,0.06256897104627124,2.9087900433172647,0.06510040343784601,2.795681599327764,1,1,II,II,1,0,1
L094,wild type,sampled for quadrant II,0.0030261335590895675,1.1483723629518239,1.2071584771868218,4.7007896992405184e-05,2.939310453845864e-07,4.67139659470206e-05,5.5954887426287545,0.0037978687011790842,5.5916908739275755,0.34425737551961627,5.247433498407959,5344.266035339505,0.9998589862523961,0.0077244845049860515,1.2868130678150906,1.208994573032561,1.2776744308953916,3.773482071743043,1.257827357247681,1.0,1.0,2.8738236734560285,0.76158402738311,0.8259809028529599,2.3737234724414202,0.0,0.0,1.05,0.0,3.2179674014861552,3.2179674014861552,0.0,0.4578986242742506,0.4578986242742506,2.1024443753377757,13.060823421244173,4.353607807081391,0.04277361140187774,4.254959869767047,0.051775061686649276,3.5152058553110432,1,1,II,II,1,0,1
L095,wild type,sampled for quadrant II,0.028521698559062857,1.198408674708292,1.094486310968534,0.003284054642139446,4.456864327275048e-06,0.003279597777812171,5.213712287156752,0.0036836139701239283,5.210028673186628,0.28821283807088016,4.921815835115748,1217.0041520649318,0.9901962096487923,0.060782374848280724,1.2950490643433634,1.2077546759835107,1.2772117919497477,3.7800155322766216,1.2600051774255405,1.0,1.0,2.8788631028487655,0.7616008659929735,0.8039303037282094,2.314405288665143,0.0,0.0,1.05,0.0,2.8956233845214845,2.8956233845214845,0.0,0.44641456046719474,0.44641456046719474,2.0636241770872976,11.91819286122782,3.9727309537426065,0.04945069754530469,3.6804334222638437,0.05635463162846809,3.229548215306955,1,1,II,II,1,0,1
L096,wild type,sampled for quadrant II,0.04169759300816449,1.2505263670815694,1.1317469834132132,0.006595270932241779,9.15154415260575e-06,0.006586119388089173,5.554402095395238,0.004073692706134528,5.550328402689104,0.3254014329283642,5.224926969760739,731.297427695029,0.9804086418047244,0.08334137877922082,1.2917698358451584,1.2065504263791602,1.2766988948324633,3.7750191570567817,1.2583397190189272,1.0,1.0,2.8750470738880107,0.7615980089832338,0.8237321656858759,2.368268752622612,0.0,0.0,1.05,0.0,3.182059650066492,3.182059650066492,0.0,0.45681121431589666,0.45681121431589666,2.098737457311072,12.932326857526139,4.31077561917538,0.04347038251795514,4.186758649405171,0.052252578298271825,3.4830817143815347,1,1,II,II,1,0,1
L097,wild type,sampled for quadrant II,0.059356590543242625,0.956956515076189,1.3025883899045096,0.012388264436992844,1.792598185804403e-05,0.0123703384551348,5.5998336020452575,0.003398054604494867,5.5964355474407625,0.3526435101720885,5.243792037268674,418.26434101290005,0.9635173410524766,0.10974644435866504,1.278777743769215,1.2104419025634867,1.2744575723068798,3.7636772186395815,1.2545590728798606,1.0,1.0,2.8662873162265297,0.7615656576582244,0.8262170201806212,2.368175365394193,0.0,0.0,1.05,0.0,3.2282601820465695,3.2282601820465695,0.0,0.4568745954071467,0.4568745954071467,2.0989533403224723,13.069529819426386,4.356509939808795,0.04257595277985764,4.274713497101181,0.0517430226413693,3.5173824548565964,1,1,II,II,1,0,1
L098,wild type,sampled for quadrant II,0.025999813738460213,1.2459940037127055,1.2312101126409618,0.0027659029421287723,3.7782068518447693e-06,0.0027621247352769274,6.028590294377239,0.004379605328040896,6.024210689049198,0.39474596935624534,5.629464719692953,1600.8352809457765,0.9917366221377591,0.05614738066619268,1.2832003777870629,1.2068123742874153,1.277027975633717,3.7670407277081956,1.2556802425693985,1.0,1.0,2.8689175834424696,0.7615839038692505,0.8480090754753222,2.4328681475499443,0.0,0.0,1.05,0.0,3.591342541499254,3.591342541499254,0.0,0.4693081348902152,0.4693081348902152,2.141735704658373,14.477425132251938,4.825808377417313,0.03615815617188485,5.033442500077368,0.047036247552765725,3.869356283062985,1,1,II,II,1,0,1
L099,wild type,sampled for quadrant II,0.01196465573002596,1.0600668815924739,0.9749410165405302,0.0006350440409622658,9.305801679269218e-07,0.0006341134607943388,4.308202908306738,0.0027451292754797864,4.305457779031258,0.20594247876824254,4.099515300263016,2634.915513206145,0.9980966814894096,0.02796703485473004,1.3024660877771552,1.2092197440110826,1.276186425102088,3.787872256890326,1.2626240856301088,1.0,1.0,2.8848822053411127,0.7616102153638814,0.7398022626743024,2.1342423830601867,0.0,0.0,1.05,0.0,2.171215395971071,2.171215395971071,0.0,0.41164260213469334,0.41164260213469334,1.9503992267906434,9.561793313305806,3.187264437768602,0.06850863247697533,2.656599517749348,0.06892768854725281,2.6404483283264515,1,1,II,II,1,0,1
L100,wild type,sampled for quadrant II,0.018129410466965697,1.320977783959061,1.2696860939799142,0.0014046626517946533,2.015648221587908e-06,0.0014026470035730654,6.502043007361761,0.00497247496538264,6.497070532396378,0.45785284652113734,6.039217685875241,2703.9314651929003,0.9957948784332029,0.04087181448977226,1.278041746972519,1.204391241251884,1.2754194532672696,3.7578524414916723,1.252617480497224,1.0,1.0,2.861910522239696,0.761581399695318,0.8689122640395265,2.486749151357838,0.0,0.0,1.05,0.0,4.0103213810385405,4.0103213810385405,0.0,0.47970857063147554,0.47970857063147554,2.1781914480675013,16.187541555056207,5.395847185018735,0.029944991013298023,6.07781114107455,0.04235626122956706,4.296885388764052,1,1,II,II,1,0,1
L101,wild type,sampled for quadrant II,0.05816126939156045,1.108804731244583,1.1096706188963332,0.011949450379648906,1.7247622625459155e-05,0.011932202757023447,5.0137243263133415,0.0033084785878588637,5.010415847725483,0.2757197663445813,4.734696081380902,387.1766120817613,0.9647865911776149,0.10806828390898879,1.2951405273691419,1.2093923764062704,1.277242086964017,3.781774990739429,1.2605916635798098,1.0,1.0,2.880186048248329,0.7615963549658946,0.7912856799910675,2.2790499756889644,0.0,0.0,1.05,0.0,2.7313658720365184,2.7313658720365184,0.0,0.4396059652536888,0.4396059652536888,2.040948027829058,11.357310895824401,3.7857702986081336,0.053244368581566025,3.418201865258123,0.0589124936757879,3.0893277239561003,1,1,II,II,1,0,1
L102,wild type,sampled for quadrant II,0.03137406753808131,1.2599710366860006,0.9507115676466551,0.003915872725117934,5.331783265431345e-06,0.003910540941852503,4.818576976672066,0.0036366162494555674,4.814940360422611,0.23024785207516607,4.584692508347445,980.2078381832935,0.9883211156747486,0.06589019439629577,1.3008424841473385,1.2054523334223548,1.2758614315381338,3.7821562491078273,1.260718749702609,1.0,1.0,2.8805581528218527,0.7616179668678013,0.778161425879872,2.241539239529743,0.0,0.0,1.05,0.0,2.5734011208928678,2.5734011208928678,0.0,0.43231905564074213,0.43231905564074213,2.0169548221352365,10.829831284834121,3.609943761611374,0.057166964204913,3.1836568992473926,0.06153933919017916,2.9574578212085303,1,1,II,II,1,0,1
L103,wild type,sampled for quadrant II,0.0498399434892872,1.1303664571990368,1.2618452370173254,0.009092067699788327,1.2845377581623037e-05,0.009079222322206704,5.829420212293679,0.003911413863501445,5.825508798430178,0.37666784835466793,5.44884095007551,577.623970201463,0.9730924332571732,0.096009266385939,1.281533965446316,1.2093037771792707,1.2777345424696835,3.7685722850952703,1.2561907616984234,1.0,1.0,2.870053184062738,0.7615757286688697,0.8382484586349557,2.4058176577409367,0.0,0.0,1.05,0.0,3.4196911406892414,3.4196911406892414,0.0,0.464110903370964,0.464110903370964,2.1237475735970084,13.809112166590456,4.603037388863485,0.03906182603198677,4.6592803892722445,0.04915892268291256,3.702278041647614,1,1,II,II,1,0,1
L104,wild type,sampled for quadrant II,0.008178979873883205,1.1499684188108803,1.2504116556005567,0.00030787188435998746,5.968627693180004e-07,0.00030727502159066944,5.825457655389521,0.0039591686651129126,5.821498486724408,0.3749120280126309,5.446586458711778,4454.1500777350475,0.9990768107485701,0.019656917811209478,1.2825091549823646,1.208982916596689,1.2777657112839214,3.769257782862975,1.256419260954325,1.0,1.0,2.870583529946097,0.7615779273567537,0.8380480377929128,2.40568689459198,0.0,0.0,1.05,0.0,3.4158115921324286,3.4158115921324286,0.0,0.46408005811040715,0.46408005811040715,2.1236412673527227,13.79630862005291,4.598769540017637,0.03913007960595268,4.651153328405526,0.04920146089771117,3.6990771550132275,1,1,II,II,1,0,1
L105,wild type,sampled for quadrant II,0.03903999683397568,1.0116616454507086,1.0328972439609907,0.005849527204800552,8.036457222658281e-06,0.005841490747577893,4.418897555332669,0.0027098040169653,4.416187751315704,0.22222388467160145,4.193963866644102,645.1390618954905,0.9826044979926651,0.07899871914058497,1.300619896270933,1.2098450954920912,1.275431930201812,3.785896921964836,1.2619656406549453,1.0,1.0,2.8833546224325044,0.7616041011851102,0.7486491447042385,2.158620971963107,0.0,0.0,1.05,0.0,2.257566779352597,2.257566779352597,0.0,0.4163586501963554,0.4163586501963554,1.965383753398755,9.825307104889596,3.275102368296532,0.06589757458588606,2.7618618916360047,0.06724982422634232,2.706326776222399,1,1,II,II,1,0,1
L106,wild type,sampled for quadrant II,0.03144518268704214,1.2587042218021551,1.147938684047059,0.003935555277154586,5.370814763901411e-06,0.0039301844623906845,5.658254752685178,0.004170653017847869,5.65408409966733,0.3386565731283813,5.315427526538948,1146.4271870028042,0.988262759352303,0.06603492696905448,1.2904223099758365,1.206353395734116,1.2766036978148996,3.773379403524852,1.257793134508284,1.0,1.0,2.8737912340060703,0.7615961520650578,0.8293609223741228,2.383410148545943,0.0,0.0,1.05,0.0,3.2706739511213865,3.2706739511213865,0.0,0.45973651345663624,0.45973651345663624,2.1087245246633524,13.256950891178334,4.418983630392778,0.04177104553970533,4.357085096828627,0.05106281178610631,3.5642377227945836,1,1,II,II,1,0,1
L107,wild type,sampled for quadrant II,0.008186318500911755,1.1936023042698893,1.1065891573219924,0.0003077595288578706,5.86604762103987e-07,0.0003071729240957666,5.252873011911043,0.0036950529985743242,5.249177958912469,0.294038247111042,4.955139711801427,4016.69641550892,0.999077147503957,0.019659005000644672,1.2943137566921037,1.2079013379163492,1.277283619935933,3.779498714544386,1.2598329048481287,1.0,1.0,2.87846308944615,0.761599171437513,0.8063151288615412,2.3209483368899626,0.0,0.0,1.05,0.0,2.9282296220225064,2.9282296220225064,0.0,0.4476807959257449,0.4476807959257449,2.067869098737517,12.031118304750926,4.010372768250309,0.04873041422192784,3.7348338384963524,0.05586627202475657,3.2577795761877315,1,1,II,II,1,0,1
L108,wild type,sampled for quadrant II,0.011882278083948272,1.1540949877592186,1.3314519112116354,0.000629149159970043,9.992058845989292e-07,0.000628149954085444,6.295895535390405,0.004296578171935779,6.2915989572184685,0.43901541032300967,5.852583546895459,3864.5298356266985,0.9981143326289544,0.027826550315900374,1.27305186999231,1.2088166930378712,1.2778963631174045,3.759764926147586,1.2532549753825286,1.0,1.0,2.863313120829879,0.761567059928864,0.8601895014124775,2.462991885794459,0.0,0.0,1.05,0.0,3.8286070714240097,3.8286070714240097,0.0,0.4751631774635282,0.4751631774635282,2.162183155619531,15.421484578693203,5.140494859564401,0.03249653619160697,5.6005969044481105,0.04433216719909578,4.105371144673301,1,1,II,II,1,0,1
L109,wild type,sampled for quadrant II,0.0539088951203626,1.188623874636469,1.0314173941095715,0.01044860669591929,1.4923553652176034e-05,0.010433683142267114,4.910283950581993,0.0034585830993257615,4.906825367482668,0.25212068553856026,4.654704681944107,428.8979507289914,0.9691403669121188,0.10199829160412612,1.2987199151885498,1.2077002075012955,1.277059363798505,3.7834794864883503,1.26115982882945,1.0,1.0,2.8815276446133287,0.7616078413809053,0.7844287364025786,2.260353089173132,0.0,0.0,1.05,0.0,2.646472278309536,2.646472278309536,0.0,0.43597194065741257,0.43597194065741257,2.0289470088410972,11.07578575159448,3.691928583864827,0.05531776816188718,3.2900821209448994,0.060285932110370144,3.01894643789862,1,1,II,II,1,0,1
L110,wild type,sampled for quadrant II,0.0064178007603842065,1.0685255929479636,1.0585949749700392,0.00019297878290825145,4.077691313526672e-07,0.00019257101377689878,4.676768293997077,0.002995451089112216,4.673772842907965,0.24227611510270602,4.431496727805259,3920.244316999521,0.9994212312025877,0.015634850096706242,1.2987175749584716,1.2096320247240386,1.2766270887291613,3.7849766884116716,1.261658896137224,1.0,1.0,2.882645215959686,0.7616018415081335,0.7681095209584285,2.2141872359239,0.0,0.0,1.05,0.0,2.4595856069840654,2.4595856069840654,0.0,0.42708168523030804,0.42708168523030804,1.9998844323208267,10.465246894456024,3.4884156314853416,0.06017115976997869,3.0247048701694728,0.06349623402807153,2.8663117236140057,1,1,II,II,1,0,1
L111,wild type,sampled for quadrant II,0.02885484112146703,1.333873225890843,1.0981329505886837,0.003355873482291436,4.5868192653488715e-06,0.0033512866630260874,5.70194959399892,0.004479726394963634,5.697469867603957,0.32941831398201743,5.368051553621939,1309.025530052671,0.9899828884004448,0.06138918599513392,1.2928795559691442,1.2037076332447705,1.2745654653856924,3.7711526545996072,1.2570508848665358,1.0,1.0,2.8721338771742815,0.7616063681938707,0.831675101596541,2.3886822340977876,0.0,0.0,1.05,0.0,3.308787633506169,3.308787633506169,0.0,0.4607275226668925,0.4607275226668925,2.1121186284756055,13.39325985370272,4.46441995123424,0.041060732533696326,4.432458672057115,0.050579229958994956,3.59831496342568,1,1,II,II,1,0,1
L112,wild type,sampled for quadrant II,0.012740789397177647,1.1010003621035975,1.1543526387969119,0.0007175219668185034,1.0654344237876174e-06,0.0007164565323947159,5.1993059402291975,0.003412620004115703,5.195893320225082,0.29884305465422883,4.897050265570853,3027.2136488945566,0.9978497492080832,0.029655258308820712,1.2919376752335356,1.2096160790428627,1.2772993093085219,3.7788530635849202,1.25961768786164,1.0,1.0,2.8779373984413263,0.7615901835863091,0.8030456112662759,2.311114997317391,0.0,0.0,1.05,0.0,2.884778322907691,2.884778322907691,0.0,0.4458061398191971,0.4458061398191971,2.0615876111789584,11.877258440777217,3.959086146925739,0.04969262052859518,3.6625156424437244,0.056533772568756566,3.219314610194304,1,1,II,II,1,0,1
L113,wild type,sampled for quadrant II,0.0007141412752107712,1.0011797897524832,1.201119490141815,4.291221737776083e-06,2.0777632663560872e-07,4.083445411140474e-06,5.163547015678824,0.003177480511106332,5.1603695351677175,0.30286486509267085,4.857504670075047,5141.483768765873,0.999987126417652,0.002198376296392138,1.2890192384063908,1.2104387843841695,1.2756344503183255,3.7750924731088857,1.2583641577029618,1.0,1.0,2.8750410287117,0.7615816166601158,0.8008323690765469,2.302425918215463,0.0,0.0,1.05,0.0,2.8579436169522543,2.8579436169522543,0.0,0.44415100165863897,0.44415100165863897,2.05605753367708,11.773714539580993,3.9245715131936643,0.050296327345918074,3.6185544671736487,0.056992036086621366,3.1934286348952483,1,1,II,II,1,0,1
L114,wild type,sampled for quadrant II,0.049716081669834475,1.329752408813559,0.9842445447709686,0.009046133259485044,1.2799513374670873e-05,0.009033333746110372,5.203856921706391,0.004143486667305027,5.199713435039087,0.2629647337107426,4.936748701328344,517.9960077468788,0.9732265378658462,0.09580390937500285,1.298779167618129,1.2033700775612495,1.2742683938638488,3.776417639043227,1.2588058796810757,1.0,1.0,2.8761907880498834,0.7616188311149239,0.8033255171102927,2.3105174521180327,0.0,0.0,1.05,0.0,2.889195982921054,2.889195982921054,0.0,0.44562055860404987,0.44562055860404987,2.0609668154517418,11.88555290048712,3.96185096682904,0.04959393235832146,3.6698037712563414,0.056497381650769445,3.22138822512178,1,1,II,II,1,0,1
L115,wild type,sampled for quadrant II,0.049739215390355425,1.003402647452295,1.0457942226193138,0.009054427856101097,1.2781142190373215e-05,0.009041646713910723,4.452513265842487,0.0027146224091048423,4.4497986434333825,0.2263546665217726,4.22344397691161,442.8410377563822,0.9732023206025132,0.09584104705957038,1.3000635994077827,1.2099369033748175,1.2752694317665867,3.785269934549187,1.261756644849729,1.0,1.0,2.8828714652630736,0.7616026109394003,0.7512757424601947,2.165831400482825,0.0,0.0,1.05,0.0,2.2839672429505575,2.2839672429505575,0.0,0.4177528393008482,0.4177528393008482,1.9698355852595504,9.906546081967344,3.302182027322448,0.06511932966173616,2.7948690649213246,0.06674890423868103,2.726636520491836,1,1,II,II,1,0,1
L116,wild type,sampled for quadrant II,0.050576505043408534,0.9576413310833578,1.3136528733623545,0.009333579655358325,1.319881364394323e-05,0.009320380841714382,5.665417174341105,0.003444678842146798,5.661972495498958,0.3600868766725146,5.301885618826443,548.2531091153284,0.9723876482394976,0.09711276587579094,1.2774331306537607,1.2104261791000692,1.274493590133555,3.762352899887385,1.254117633295795,1.0,1.0,2.8652726870396035,0.7615640433743913,0.8297424293298797,2.377438320036793,0.0,0.0,1.05,0.0,3.284534175462165,3.284534175462165,0.0,0.458665706412066,0.458665706412066,2.1050632519434322,13.27548942032821,4.425163140109404,0.04151132610187804,4.384345601326526,0.0509965002645256,3.5688723550820525,1,1,II,II,1,0,1
L117,wild type,sampled for quadrant II,0.0068348071209112194,1.2034125600720547,0.9506743245390255,0.00021723166274056056,4.601042061706709e-07,0.0002167715585343899,4.630996654333051,0.00333133618324272,4.627665318149809,0.21883469841397601,4.408830619735833,3804.5318702164723,0.9993485173188348,0.01657669672488339,1.3015712257852963,1.2068945124373147,1.276622612911527,3.785088351134138,1.2616961170447127,1.0,1.0,2.882782554418633,0.7616156578101686,0.764768808417748,2.2046621790702097,0.0,0.0,1.05,0.0,2.4230031390795994,2.4230031390795994,0.0,0.4252120937190434,0.4252120937190434,1.9938258465467513,10.347561909999012,3.449187303333004,0.061169902203715,2.975319453575106,0.06415475022511363,2.836890477499753,1,1,II,II,1,0,1
L118,wild type,sampled for quadrant II,0.02362875071003166,1.3124588374022046,1.299916130974927,0.0023138646324982444,3.2023001496880697e-06,0.0023106623323485564,6.639589270140965,0.0050361296568492185,6.634553140484115,0.4815070030658818,6.153046137418234,2003.5789045298252,0.9930824433144109,0.05167750734906545,1.274720217646243,1.2046673036200748,1.2757208403349964,3.7551083616013146,1.2517027872004383,1.0,1.0,2.859803314550562,0.7615767746662411,0.8744274559182164,2.5006905367689307,0.0,0.0,1.05,0.0,4.133862603715185,4.133862603715185,0.0,0.4824102336339231,0.4824102336339231,2.1877624617428606,16.719426790295373,5.573142263431791,0.028325671550965218,6.425266905765495,0.041084850464729095,4.429856697573843,1,1,II,II,1,0,1
L119,wild type,sampled for quadrant II,0.05594721700287555,1.341068666534987,1.0791952866825225,0.011159201434509776,1.603221974078729e-05,0.011143169214768989,5.645690249884756,0.004472209130430817,5.641218040754325,0.3195650111474008,5.3216530296069235,464.3142298688609,0.9670765693421887,0.10493645277385105,1.2939665670892815,1.2033696823292972,1.2742647068460597,3.7716009562646384,1.2572003187548795,1.0,1.0,2.8724859004245205,0.7616091770401411,0.828689606817268,2.380399211410942,0.0,0.0,1.05,0.0,3.260818829343383,3.260818829343383,0.0,0.45912279555872365,0.45912279555872365,2.106625339785129,13.214263441760039,4.404754480586679,0.041956703346751806,4.3378050581300025,0.05121616065319368,3.5535658604400098,1,1,II,II,1,0,1
L120,wild type,sampled for quadrant II,0.00704367151134903,1.304662155321366,1.2059287511249825,0.00023134008528596646,5.533612931734837e-07,0.00023078672399279299,6.105286836983313,0.004637056471525734,6.100649780511787,0.3971819143142252,5.703467866197562,4958.245824966724,0.9993062205204954,0.017083592507620482,1.2847747143174972,1.2049720810885278,1.275733657228442,3.765480452634467,1.2551601508781556,1.0,1.0,2.86775203208105,0.7615899400233684,0.8516086348937434,2.4422023932543016,0.0,0.0,1.05,0.0,3.658447387257486,3.658447387257486,0.0,0.47109307989035853,0.47109307989035853,2.1479486593027164,14.7414958267886,4.913831942262867,0.03508260286792671,5.187756469642919,0.04624719327886886,3.93537395669715,1,1,II,II,1,0,1
L121,wild type,sampled for quadrant III,0.035955598165521574,0.16971595752895507,0.5303677686113273,0.00501808442969728,6.8328607523949556e-06,0.0050112515689448855,1.2120140410676423,0.00033450364420672593,1.2116795374234357,0.07375898967611104,1.1379205477473247,201.395320259508,0.9850584954899881,0.07375933895864166,1.2884534060388928,1.1437016834333047,1.149586551306241,3.5817416407784384,1.1939138802594795,1.0,1.0,2.728865519454989,0.7618822888805321,0.31528623395340866,0.8603737325942757,0.0,0.0,1.05,0.0,0.35130580482915996,0.35130580482915996,0.0,0.16569624181771442,0.16569624181771442,1.3085244133477085,4.250249818538237,1.4167499395127459,0.1553870459251106,1.171268807618079,0.13866006859892394,1.3125624546345593,1,0,III,III,1,0,0
L122,wild type,sampled for quadrant III,0.0203972667916852,0.22015731939214217,0.097494049204165,0.0017301579426512953,2.2545193464290186e-06,0.0017279034233048662,0.22783966265975258,6.984471470723092e-05,0.22776981794504536,0.02609243254112932,0.20167738540391605,83.4529237669284,0.9948229734054279,0.045164995518864055,1.1413298897823272,1.1320608016010365,1.1645523087010075,3.4379430000843714,1.1459810000281239,1.0,1.0,2.618006881422782,0.7615038647698734,0.06872428344884868,0.17992064698993565,0.0,0.0,1.05,0.0,0.04784917095510971,0.04784917095510971,0.0,0.03472257559741606,0.03472257559741606,1.05796740224491,3.2084414619602835,1.0694804873200945,0.17812304226098558,1.0217656160023019,0.1729856543284076,1.052110365490071,1,0,III,III,1,0,0
L123,wild type,sampled for quadrant III,0.00967659113215073,0.5260859886055265,0.26558803586840657,0.0004154017415564059,5.40141095069996e-07,0.0004148616004613359,0.985477773346048,0.0004211343171789084,0.9850566390288691,0.06997271719435663,0.9150839218345125,696.253045628159,0.9987545709665971,0.022813763881844844,1.2279229409810812,1.1795513467157732,1.2335325847462768,3.641006872443131,1.2136689574810438,1.0,1.0,2.7727614962852436,0.7615370125420029,0.2650566107547519,0.7349387646366413,0.0,0.0,1.05,0.0,0.25011787439222777,0.25011787439222777,0.0,0.14180867968740446,0.14180867968740446,1.2587688960654053,3.9961169557492755,1.3320389852497585,0.16262609069174228,1.1191316179700892,0.14571316213129373,1.249029238937319,1,0,III,III,1,0,0
L124,wild type,sampled for quadrant III,0.039007746346750874,0.4620235592367655,0.1259863421673656,0.00580664123950416,7.99918146501027e-06,0.0057986420580391496,0.599062105081193,0.00028417510411793656,0.598777929977075,0.043504365331522674,0.5552735646455523,88.0114117965225,0.9827309259526714,0.0787808089107021,1.1606982130783197,1.166094655025282,1.221556469058413,3.5483493371620147,1.1827831123873382,1.0,1.0,2.7022616294809714,0.7615545631823984,0.17072786427135608,0.4613513567037208,0.0,0.0,1.05,0.0,0.13742657327335422,0.13742657327335422,0.0,0.08901055049774101,0.08901055049774101,1.1554047867785096,3.5756569691642808,1.1918856563880935,0.1710857219937556,1.063794207249175,0.15910283592193436,1.1439142422910702,1,0,III,III,1,0,0
L125,wild type,sampled for quadrant III,0.04072777247141212,0.4381120348073523,0.5303568178980922,0.006302168929793887,8.694778359890045e-06,0.006293474151433998,1.5529603113547539,0.0005344156621179054,1.552425895692636,0.09463639506580059,1.4577895006268353,212.67110173505506,0.981271100139943,0.0816929391462351,1.2884582379014224,1.1826696249489856,1.2224200331206598,3.6935478959710677,1.2311826319903558,1.0,1.0,2.8131759462264094,0.7616459906462915,0.3844875445794965,1.081631112034694,0.0,0.0,1.05,0.0,0.47079478365794203,0.47079478365794203,0.0,0.20857880076263113,0.20857880076263113,1.4028305953877558,4.681404248427934,1.5604680828093114,0.14725253447394296,1.2359719352212968,0.12813733509658995,1.4203510621069835,1,0,III,III,1,0,0
L126,wild type,sampled for quadrant III,0.017258761188126935,0.308845965933807,0.43244245922622143,0.0012675329847432408,1.6338473208748095e-06,0.001265899137422366,1.0925678764221356,0.00031390129303856905,1.092253975129097,0.08008261233433557,1.0121713627947613,481.83108416650003,0.9962046217697682,0.038971374472935943,1.2728109109286272,1.1652709945874138,1.1939765527067028,3.632058458222744,1.2106861527409147,1.0,1.0,2.7664123496529975,0.7616651497968101,0.28924497706288105,0.8001708766218522,0.0,0.0,1.05,0.0,0.2920830985072448,0.2920830985072448,0.0,0.15428649066954594,0.15428649066954594,1.2845183058611005,4.116755175796683,1.372251725265561,0.15958381861450668,1.1404665058156191,0.14227766914539736,1.2791887939491708,1,0,III,III,1,0,0
L127,wild type,sampled for quadrant III,0.024874962849494645,0.344912861538834,0.10417494453824762,0.002518696103658375,3.3279138181578767e-06,0.002515368189840217,0.39343862984491695,0.00015843268192274444,0.3932801971629942,0.03444102186523335,0.3588391752977609,111.81375664578147,0.9924723871581154,0.0538202538949114,1.1461137124193344,1.1521649292757878,1.1987529766204488,3.497031618315571,1.1656772061051903,1.0,1.0,2.663120977086283,0.7615375746499653,0.11569174451345564,0.3081011116894906,0.0,0.0,1.05,0.0,0.08517908547350361,0.08517908547350361,0.0,0.05944886665629528,0.05944886665629528,1.1012837853087583,3.3681255555680307,1.1227085185226768,0.17515584116953248,1.0390746822073897,0.16666187606993613,1.0920313888920077,1,0,III,III,1,0,0
L128,wild type,sampled for quadrant III,0.052092230695331615,0.24700199421889968,0.15671778597325325,0.009790403395122053,1.400659556305772e-05,0.009776396799558995,0.35616478635122245,0.00010082557857809858,0.35606396077264435,0.03963294139590377,0.31643101937674056,33.00755062709069,0.9710559317016197,0.09919561766890472,1.179021651663426,1.141668829532755,1.1739548236778719,3.494645304874053,1.164881768291351,1.0,1.0,2.6612129772150093,0.7615116113510465,0.10533103061590524,0.28030830557847847,0.0,0.0,1.05,0.0,0.07575565519416588,0.07575565519416588,0.0,0.05409390944610315,0.05409390944610315,1.0917547738373257,3.3318726520254547,1.1106242173418182,0.17590017422831652,1.0346777699251506,0.16805664858582786,1.0829681630063637,1,0,III,III,1,0,0
L129,wild type,sampled for quadrant III,0.009741238795813189,0.29648257021603464,0.1910022459574492,0.0004192614857477041,5.316590776872865e-07,0.0004187298266700168,0.48391451349169046,0.00014606156161534801,0.4837684519300751,0.04914297030641786,0.4346254816236573,340.9621964318659,0.9987430062220912,0.022924892026474346,1.1968342209059382,1.1519051394941997,1.1884060175842022,3.53714537798434,1.1790484593281134,1.0,1.0,2.6936099609254707,0.7615208517271738,0.14034427140215056,0.3780327274076604,0.0,0.0,1.05,0.0,0.1057357245224147,0.1057357245224147,0.0,0.07294906099426811,0.07294906099426811,1.1256778229495623,3.4587770507997067,1.1529256835999022,0.17354303535852156,1.0487312246441192,0.16327346976665474,1.1146942626999268,1,0,III,III,1,0,0
L130,wild type,sampled for quadrant III,0.037892095917499286,0.5392154115322294,0.2506799885872389,0.005514097916955143,7.56438764861973e-06,0.005506533529306523,0.9727065677891686,0.0004319011775577531,0.9722746666116109,0.06794728567611642,0.9043273809354945,149.32329544162528,0.9835937786407261,0.07696827737598284,1.2223867838258928,1.1796763179366634,1.2350879153449525,3.6371510171075085,1.2123836723691694,1.0,1.0,2.769817226077107,0.7615348422567947,0.26211758949363134,0.7260178146372678,0.0,0.0,1.05,0.0,0.2462568519743431,0.2462568519743431,0.0,0.14008902932473552,0.14008902932473552,1.255260903975547,3.981501586471217,1.3271671954904056,0.1629088926410015,1.1171888596718236,0.14614067412466664,1.2453753966178043,1,0,III,III,1,0,0
L131,wild type,sampled for quadrant III,0.001977678359651227,0.2837462807963529,0.36489505889370616,1.9623504953058847e-05,3.5030558520367587e-08,1.958847439453848e-05,0.879107900513003,0.00023873833155796387,0.8788691621814451,0.07225096867423914,0.8066181935072059,862.1887355896872,0.9999411312179756,0.005044158945537787,1.257940372609566,1.1590455948825518,1.1867772616401753,3.6037632291322934,1.2012544097107645,1.0,1.0,2.7447658859447785,0.7616387957334415,0.24021609291152682,0.6593369370785002,0.0,0.0,1.05,0.0,0.2195322251029449,0.2195322251029449,0.0,0.1271497801278826,0.1271497801278826,1.2291771792874433,3.8752704874740265,1.2917568291580088,0.16487987620785666,1.103833919492763,0.1493250480912683,1.2188176218685065,1,0,III,III,1,0,0
L132,wild type,sampled for quadrant III,0.016007270356449704,0.45470562872294135,0.11780159511958223,0.0010904524112958242,1.408813647326269e-06,0.001089043597648498,0.5745531848244626,0.00027361662692316075,0.5742795681975394,0.04158515226880993,0.5326944159287295,274.84633552041015,0.9967339878250674,0.036304736404804354,1.1553908768567742,1.164836846511875,1.2201889397221657,3.540416663090815,1.1801388876969383,1.0,1.0,2.6962411202700958,0.7615603972206632,0.16435205269686445,0.4431327626820836,0.0,0.0,1.05,0.0,0.13114680551545582,0.13114680551545582,0.0,0.08549281010889002,0.08549281010889002,1.1488276450411792,3.550255878621699,1.183418626207233,0.1715698761264199,1.0607922795601643,0.1599910025764344,1.1375639696554247,1,0,III,III,1,0,0
L133,wild type,sampled for quadrant III,0.055968778048697855,0.40084898524750506,0.26099310250401825,0.011130528761879466,1.6074349102657337e-05,0.011114454412776809,0.780650147705894,0.0002690241906815403,0.7803811235152125,0.06585796677450646,0.714523156740706,64.35417309747531,0.9671597589296826,0.10484955585582342,1.2263506607251502,1.1687617877723042,1.2129097573448946,3.608022205842349,1.2026740686141164,1.0,1.0,2.7476514370679217,0.7615395028940626,0.21647567505949133,0.5947996996674598,0.0,0.0,1.05,0.0,0.18558142384775267,0.18558142384775267,0.0,0.11476684513928334,0.11476684513928334,1.2047226120471848,3.769114712878957,1.2563715709596524,0.167418228892173,1.0870978698336278,0.15264887590857099,1.1922786782197392,1,0,III,III,1,0,0
L134,wild type,sampled for quadrant III,0.043193108474939276,0.3075770314825091,0.12387500137267211,0.006989179418164711,9.748865432286817e-06,0.006979430552732424,0.3740208658139788,0.0001325116446689348,0.3738883541693099,0.03669761204859786,0.33719074212071204,46.81593017720706,0.9792507522422208,0.08556055421384329,1.1593622127774785,1.1487608247613,1.1902423905226984,3.4983654280614767,1.1661218093538255,1.0,1.0,2.664056945160069,0.7615147702383633,0.11030940304321282,0.29387053129373236,0.0,0.0,1.05,0.0,0.08001782287557752,0.08001782287557752,0.0,0.05671016196703013,0.05671016196703013,1.0963999838349516,3.3492766290894846,1.1164255430298282,0.17556312534039928,1.0366641608089413,0.16738415651257527,1.087319157272371,1,0,III,III,1,0,0
L135,wild type,sampled for quadrant III,0.021050664860026727,0.33196830355750107,0.13089205684957594,0.0018386190521520068,2.4011364603442116e-06,0.0018362179156916625,0.41798100114196174,0.00015368363669083604,0.4178273175052709,0.039430961313594456,0.37839635619167644,147.24800808515784,0.9944993272524576,0.04646867909839198,1.163805565026406,1.1526178964952347,1.1962810169601972,3.512704478481838,1.1709014928272794,1.0,1.0,2.674986392024955,0.7615176307632522,0.12244799712008984,0.3275467260269512,0.0,0.0,1.05,0.0,0.09028059147831974,0.09028059147831974,0.0,0.06320788691252606,0.06320788691252606,1.1080225076008163,3.3926477383532427,1.1308825794510808,0.17475420100513162,1.0414628029151392,0.16573147754227147,1.0981619345883107,1,0,III,III,1,0,0
L136,wild type,sampled for quadrant III,0.009899027562423,0.466461083322777,0.12303246925199864,0.00043136581246960403,5.55986349066712e-07,0.0004308098261205373,0.6011573177513148,0.000288916121873758,0.600868401629441,0.04301689724598502,0.557851504383456,419.9885958671244,0.9987067395455952,0.023248578253892576,1.1588034268746161,1.16625196755991,1.2222053215986524,3.547260716033178,1.182420238677726,1.0,1.0,2.701446991599377,0.7615586244871069,0.17127065576882294,0.4626785977759392,0.0,0.0,1.05,0.0,0.13818980385350177,0.13818980385350177,0.0,0.08926462449934974,0.08926462449934974,1.1558812860425995,3.5777492212418727,1.192583073747291,0.1710269720485944,1.06415963412068,0.1590301182559111,1.1444373053104682,1,0,III,III,1,0,0
L137,wild type,sampled for quadrant III,0.005238605317149767,0.06822196266589654,0.4150197270509763,0.000127095856307763,1.6227182530482547e-07,0.00012693358448245817,0.8074614613447977,0.00018849714824104559,0.8072729641965566,0.050339271184110516,0.7569336930124461,716.4088633862509,0.9996187851119441,0.012772346602044269,1.268912328886717,1.1103039518107198,1.099425258887076,3.4786415395845127,1.1595471798615042,1.0,1.0,2.6508923278755834,0.7620481437107788,0.22301303643996187,0.5911835473149328,0.0,0.0,1.05,0.0,0.21608941688162375,0.21608941688162375,0.0,0.11374982068324259,0.11374982068324259,1.2027358840273872,3.788956229134735,1.2629854097115782,0.16513551659090922,1.1021251137080899,0.15201642386519254,1.1972390572836837,1,0,III,III,1,0,0
L138,wild type,sampled for quadrant III,0.026512061333997278,0.17835985380856545,0.4691183802739026,0.002852050950266375,3.7761254313020233e-06,0.002848274824835073,1.043968911868873,0.00027254809184257283,1.0436963637770305,0.07077913207715976,0.9729172316998707,271.0163820124656,0.991480346851811,0.056984591879399984,1.27933100249618,1.1436868754809408,1.152749093317592,3.575766971294713,1.1919223237649044,1.0,1.0,2.7241158512478476,0.76182700749694,0.2783682306624545,0.7583073096314094,0.0,0.0,1.05,0.0,0.2853890541456211,0.2853890541456211,0.0,0.1460841456274382,0.1460841456274382,1.2675331568976547,4.056172959056006,1.3520576530186688,0.16006526090210146,1.1370362249389903,0.14398241632460265,1.2640432397640016,1,0,III,III,1,0,0
L139,wild type,sampled for quadrant III,0.04207045939865543,0.11946373175992427,0.08572804351223563,0.006658962113235531,9.269305167378377e-06,0.006649692808068153,0.11546805952434955,2.5826409970374028e-05,0.11544223311437918,0.01623677899475469,0.09920545411962449,15.07620194710299,0.9802213295477434,0.08374603625747148,1.132526394972923,1.1069740217158064,1.1244420721424653,3.363942488831195,1.1213141629437315,1.0,1.0,2.5616330750197323,0.7614972858557324,0.03544050970064471,0.09078558184472917,0.0,0.0,1.05,0.0,0.024656651269650012,0.024656651269650012,0.0,0.017521187661784506,0.017521187661784506,1.0288423669199984,3.103789790045031,1.034596596681677,0.1799917819483504,1.0111572763484606,0.17739700063730887,1.0259474475112578,1,0,III,III,1,0,0
L140,wild type,sampled for quadrant III,0.054210175992091165,0.07423293923336884,0.5469469685781355,0.010530831967117788,1.5121864174400116e-05,0.010515710102943387,1.1863437090507374,0.0003248303484666273,1.1860188787022707,0.05970916330909612,1.1263097153931747,102.8844850426931,0.9689013329067885,0.1023610835518903,1.2902103246277912,1.1170276576306326,1.1033622712560913,3.5106002535145153,1.1702000845048384,1.0,1.0,2.6756058294080796,0.7621505258906905,0.30977138423944606,0.828826121454872,0.0,0.0,1.05,0.0,0.35719275724739874,0.35719275724739874,0.0,0.15938467668572207,0.15938467668572207,1.2951899689821493,4.212543697612452,1.404181232537484,0.15497595042235598,1.1743757628457536,0.13966309775656216,1.303135924403113,1,0,III,III,1,0,0
L141,wild type,sampled for quadrant III,0.014820112812457521,0.21248592236060582,0.3729506674211762,0.0009462919123802056,1.210637441674961e-06,0.0009450812749385307,0.8166662978509679,0.0002025029864215636,0.8164637948645463,0.06717781702964112,0.7492859778349052,419.6011362202245,0.9971651500601044,0.033913668859860836,1.2598729990032582,1.1471500826536662,1.16477317722618,3.5717962588831043,1.1905987529610347,1.0,1.0,2.7206555226059197,0.7617051268922782,0.22524483686606953,0.6128136093581416,0.0,0.0,1.05,0.0,0.2036501855064048,0.2036501855064048,0.0,0.11813481768763613,0.11813481768763613,1.2113253082607764,3.805293093729315,1.2684310312431049,0.16606248008560034,1.095973033199217,0.1514996038326999,1.2013232734323287,1,0,III,III,1,0,0
L142,wild type,sampled for quadrant III,0.03533639705007848,0.4010289721968549,0.2961262620910166,0.004852874742593608,6.6046716372153e-06,0.004846270070956393,0.8645833453397107,0.0002895880617050737,0.8642937572780056,0.07083081046146816,0.7934629468165375,147.71943418638486,0.9855468401163419,0.07266442705273621,1.2384185234054388,1.170532967148859,1.2133713363901264,3.622322826944424,1.207440942314808,1.0,1.0,2.7585977179237413,0.7615549054336304,0.23675965356426532,0.6531246400187979,0.0,0.0,1.05,0.0,0.21116911725920773,0.21116911725920773,0.0,0.1260099777247977,0.1260099777247977,1.226905637338097,3.86079839657151,1.28693279885717,0.16550155396839264,1.0996875596392177,0.1497696346578545,1.2151995991428775,1,0,III,III,1,0,0
L143,wild type,sampled for quadrant III,0.04067192403818013,0.5332306214729405,0.3752587240315427,0.0062806593327693555,8.675084170373012e-06,0.006271984248598983,1.2707035631828871,0.0005037439977213045,1.2701998191851658,0.08370378743809363,1.186496031747072,174.5313858407859,0.9813344224207836,0.08157563734420582,1.260264908234168,1.1848369199966848,1.2358954197260141,3.680997247956867,1.226999082652289,1.0,1.0,2.8033373017773475,0.7615700618448809,0.3277297512974887,0.9187370367144632,0.0,0.0,1.05,0.0,0.3514627824707026,0.3514627824707026,0.0,0.1772408570004487,0.1772408570004487,1.3332709393711235,4.330783384889772,1.4435944616299239,0.1553760697813942,1.1713515488972288,0.13656529396102132,1.332695846222443,1,0,III,III,1,0,0
L144,wild type,sampled for quadrant III,0.004157668221830384,0.05495969953815545,0.18328867387976328,7.96631437461642e-05,9.957381994214955e-08,7.956356992622204e-05,0.24004631525805878,4.01379850418934e-05,0.24000617727301687,0.024549122743499303,0.21545705452951758,222.33445371225454,0.9997610391244608,0.010159527148868865,1.1928476727820307,1.092977545558805,1.090266248193703,3.376091466534539,1.1253638221781797,1.0,1.0,2.5716151252373445,0.7617137008071151,0.07226994128645621,0.18585047411226563,0.0,0.0,1.05,0.0,0.054155703160751245,0.054155703160751245,0.0,0.03582553398995546,0.03582553398995546,1.0598627916986012,3.2187779428788064,1.0729259809596021,0.17761825645939397,1.0246694434904993,0.1725618200002316,1.0546944857197016,1,0,III,III,1,0,0
L145,wild type,sampled for quadrant III,0.029336530897007274,0.41686218102210826,0.47142127836003533,0.0034455789604136556,4.599802299623272e-06,0.0034409791581140325,1.3515746144170708,0.00044811045728057695,1.3511265039597902,0.08901566606072558,1.2621108378990646,304.02668054090947,0.9897165035813086,0.06216551565202634,1.2797431517849245,1.1789636402681847,1.2180823697702017,3.6767891618233106,1.2255963872744369,1.0,1.0,2.800360311263118,0.7616320077146947,0.3445066147658915,0.964742650958015,0.0,0.0,1.05,0.0,0.38638385300177513,0.38638385300177513,0.0,0.1860526775233044,0.1860526775233044,1.352474038539856,4.427999281602995,1.4759997605343316,0.15295349993816215,1.1899041216682267,0.13411939873820455,1.3569998204007487,1,0,III,III,1,0,0
L146,wild type,sampled for quadrant III,0.04395545875095972,0.11328305922509681,0.17498024647195526,0.007216593733443375,1.0094052353934788e-05,0.00720649968108944,0.25911078365417667,4.897754585615227e-05,0.2590618061083205,0.030703258942176324,0.2283585471661442,31.5350608853323,0.9785828931712739,0.08677926137844227,1.1887270228201352,1.1123534880907933,1.122393082677818,3.4234735935887466,1.1411578645295821,1.0,1.0,2.6073101142696005,0.7615978458698782,0.07778059733719907,0.20279813813121028,0.0,0.0,1.05,0.0,0.05626366797711024,0.05626366797711024,0.0,0.03911741303147919,0.03911741303147919,1.0655399680698456,3.2375627637064706,1.0791875879021569,0.17744985047973305,1.0256418898520663,0.17179686546123032,1.0593906909266178,1,0,III,III,1,0,0
L147,wild type,sampled for quadrant III,0.04267197360978444,0.41383811740842724,0.4070532027066807,0.006853519710911095,9.519653562230991e-06,0.006844000057348865,1.1691529475786404,0.0003847276671415209,1.1687682199114988,0.08358011589270149,1.0851881040187974,148.86993228708732,0.9796493679619879,0.0848036085659187,1.267598146886535,1.1764640200468546,1.2169680288816602,3.6610301958150497,1.2203433986050165,1.0,1.0,2.788259223913976,0.7616050878523907,0.30605342042812106,0.8533562725191306,0.0,0.0,1.05,0.0,0.3154119473923682,0.3154119473923682,0.0,0.16459598028787084,0.16459598028787084,1.3061900503392867,4.2083599548108905,1.4027866516036303,0.1579172735450101,1.1525021672067164,0.13977528556327148,1.3020899887027226,1,0,III,III,1,0,0
L148,wild type,sampled for quadrant III,0.013053922490962546,0.519001670426829,0.40493147556232567,0.0007428549353378108,9.588794455559294e-07,0.0007418960558922549,1.3264342703545906,0.0005084648586915645,1.3259258054958991,0.08638410160391802,1.2395417038919812,761.0698076242891,0.9977739166008662,0.030196152334325405,1.266998017641381,1.1849843529989614,1.2342312568966125,3.6862136275369553,1.2287378758456518,1.0,1.0,2.807355159108244,0.7615823288527246,0.33933654200218594,0.9526381918637881,0.0,0.0,1.05,0.0,0.37328761363211105,0.37328761363211105,0.0,0.18376858260765383,0.18376858260765383,1.347470045118134,4.398566711442739,1.4661889038142464,0.1538575633248671,1.1829122733193864,0.13485060737638746,1.3496416778606848,1,0,III,III,1,0,0
L149,wild type,sampled for quadrant III,0.013593855189996519,0.16897474486800013,0.4211679911218687,0.0008025804088297383,1.0232235886297745e-06,0.0008015571852411085,0.9014727408251967,0.00022318416725213025,0.9012495566579446,0.06611542984029115,0.8351341268176534,500.10126394885543,0.9975951550574506,0.03133997557230783,1.2704687656803282,1.1398198494781204,1.148778201469376,3.5590668166278245,1.186355605542608,1.0,1.0,2.711314629026515,0.7618049249200258,0.2455077190490459,0.6656486701966098,0.0,0.0,1.05,0.0,0.2356008864613348,0.2356008864613348,0.0,0.12824952477363052,0.12824952477363052,1.2313728755143996,3.896329340080663,1.2987764466935543,0.16369194677886326,1.1118445566895827,0.14868280898523195,1.2240823350201657,1,0,III,III,1,0,0
L150,wild type,sampled for quadrant III,0.004931998749814834,0.42887415495928016,0.47250351789502576,0.00011379663250260024,1.6085263759351066e-07,0.00011363577986500673,1.3724607657114347,0.00046198013565107617,1.3719987855757836,0.0896133538447516,1.282385431731032,1232.2364116217873,0.9996586683693925,0.01208495982843565,1.279906591002144,1.1801166742416347,1.2203166175003244,3.6803398827441027,1.226779960914701,1.0,1.0,2.8030512227906197,0.7616283582756039,0.34877103723009517,0.977623082381771,0.0,0.0,1.05,0.0,0.3943757031940126,0.3943757031940126,0.0,0.18854048611859717,0.18854048611859717,1.3579454729753488,4.453957151735517,1.484652383911839,0.15240441621775513,1.1941911167453227,0.13348106333551618,1.3634892879338794,1,0,III,III,1,0,0
L151,wild type,sampled for quadrant III,0.02507928410239519,0.3914421733854158,0.29238973922127653,0.0025657210116736967,3.3875249943608847e-06,0.0025623334866793357,0.8416017939954427,0.0002778014007898761,0.8413239925946527,0.06993452596475407,0.7713894666298987,236.02569893722762,0.9923323842656406,0.05426951602183816,1.237214820166208,1.1693611884604893,1.2114353772536552,3.6180113858803526,1.2060037952934508,1.0,1.0,2.7553137286523595,0.7615547423109954,0.23125853366355026,0.6371898126711939,0.0,0.0,1.05,0.0,0.20413417992345884,0.20413417992345884,0.0,0.122935717485645,0.122935717485645,1.220799772513061,3.8354763387013002,1.2784921129004334,0.1660263160330036,1.0962117593684428,0.15055393698721406,1.208869084675325,1,0,III,III,1,0,0
L152,wild type,sampled for quadrant III,0.009869572908081574,0.10699503984498006,0.5319069857255991,0.0004344476519748665,5.512106171491375e-07,0.0004338964413577173,1.163154756063024,0.00031498818975871925,1.1628397678732654,0.06436783070324324,1.0984719371700222,810.8729199435463,0.9986975060266272,0.023300987913391594,1.2884618277152582,1.1272316882374687,1.1211307101118553,3.5368242260645824,1.1789414086881942,1.0,1.0,2.6951666832467747,0.7620301465322413,0.3047514429214874,0.8213559356333741,0.0,0.0,1.05,0.0,0.3414838322398913,0.3414838322398913,0.0,0.15805305125172386,0.15805305125172386,1.2923940493534065,4.1885402413265425,1.396180080442181,0.15607535922591664,1.1661033548323143,0.14030921340871663,1.2971350603316356,1,0,III,III,1,0,0
L153,wild type,sampled for quadrant III,0.020951916585381078,0.4986038674967754,0.17024542895866362,0.0018241966400416685,2.386519118806401e-06,0.001821810120922862,0.7360465903880243,0.0003426499336104666,0.7357039404544139,0.053313361231623224,0.6823905792227907,260.62157993969026,0.9945423574207723,0.04629314514158541,1.186316604184479,1.1721383413898594,1.22806553809866,3.5865204836729987,1.1955068278909995,1.0,1.0,2.7312644864397706,0.7615360065203503,0.2054779654214664,0.5612146697015504,0.0,0.0,1.05,0.0,0.17448927075286347,0.17448927075286347,0.0,0.10828868478365565,0.10828868478365565,1.1921236091593646,3.7203510195905176,1.2401170065301725,0.16825598084078977,1.081685174521168,0.1542258185839647,1.1800877548976294,1,0,III,III,1,0,0
L154,wild type,sampled for quadrant III,0.007507445262010868,0.24555073428538304,0.14732394526327752,0.00025205679933007296,3.1793189306051656e-07,0.00025173886743701246,0.3372948196381891,9.697665682106106e-05,0.337197842981368,0.03770749983674799,0.29949034314462003,269.39258651737083,0.9992441154267966,0.017898491395135847,1.1736783750721334,1.1407325791696996,1.1733806445619186,3.487791598803751,1.1625971996012503,1.0,1.0,2.655982662884476,0.7615084180475202,0.1000397030554309,0.2657037169153356,0.0,0.0,1.05,0.0,0.07149412606603239,0.07149412606603239,0.0,0.05127641685589207,0.05127641685589207,1.0867742652916823,3.313477290628892,1.1044924302096306,0.17623781954629997,1.0326954819830043,0.1687733471048041,1.078369322657223,1,0,III,III,1,0,0
L155,wild type,sampled for quadrant III,0.04036847458284802,0.31490437481949773,0.06273816018841345,0.006176085349234291,8.547139269217598e-06,0.006167538209965073,0.30062187338126156,0.00012711813462962568,0.30049475524663194,0.024259028893769595,0.27623572635286237,41.89218198378016,0.9816423368672164,0.08098725662582283,1.113909538708244,1.1445147157310365,1.1908552424244925,3.449279496863773,1.1497598322879243,1.0,1.0,2.626910616746231,0.7615824171786387,0.08966656585188938,0.23554605380350327,0.0,0.0,1.05,0.0,0.06494870144312867,0.06494870144312867,0.0,0.04543796769832885,0.04543796769832885,1.0765257884275912,3.2773746105661337,1.0924582035220445,0.17675768289748586,1.02965821353041,0.1701978587991023,1.0693436526415334,1,0,III,III,1,0,0
L156,wild type,sampled for quadrant III,0.04024600793297476,0.2808752528131329,0.06897915369430614,0.006142320706514659,8.498225382403076e-06,0.006133822481132256,0.26357731380164845,0.00010255699533083063,0.2634747568063176,0.02390981743203103,0.23956493937428658,36.90359543239694,0.9817417763117857,0.08078904994962606,1.1191827157029255,1.1400784730300588,1.1822346143500928,3.441495803083077,1.1471652676943591,1.0,1.0,2.6208794531035413,0.7615524187929029,0.07906692464546229,0.20722487822337812,0.0,0.0,1.05,0.0,0.05624987858293948,0.05624987858293948,0.0,0.039981281163927754,0.039981281163927754,1.067034826154121,3.242094664529519,1.0806982215098397,0.1774509515998196,1.0256355255306786,0.17161333199072792,1.0605236661323798,1,0,III,III,1,0,0
L157,wild type,sampled for quadrant III,0.04319122943754533,0.13795105037633898,0.3357031326004438,0.007000340705571419,9.755230441656224e-06,0.0069905854751297625,0.6473125616292119,0.0001432384886239212,0.647169323140588,0.05468701134634123,0.5924823117942467,80.91062436608793,0.9792179636939005,0.08560889928195914,1.2501193722322084,1.128517834144887,1.1350934559426724,3.5137306623197677,1.1712435541065893,1.0,1.0,2.6766666544654916,0.761773428785903,0.18313805429785238,0.49019952310275205,0.0,0.0,1.05,0.0,0.1569698000378359,0.1569698000378359,0.0,0.09446239626699995,0.09446239626699995,1.1656726166036198,3.6234156516655203,1.20780521722184,0.1695877135529127,1.0731909534425945,0.15745934496236527,1.15585391291638,1,0,III,III,1,0,0
L158,wild type,sampled for quadrant III,0.002785430095164769,0.1966977616238279,0.17346621372626153,3.6530767193884285e-05,4.830246112766165e-08,3.6482464732756625e-05,0.33203959182722154,7.962895901027614e-05,0.3319599628682113,0.038882225061914716,0.29307773780629653,320.3374201097044,0.9998904137034352,0.0069016102174814685,1.1880128167745128,1.1331843017225558,1.1574608829880741,3.478658001485143,1.1595526671617142,1.0,1.0,2.649114895523624,0.7615335840409255,0.09856052116907775,0.2610981447395753,0.0,0.0,1.05,0.0,0.07086181812863596,0.07086181812863596,0.0,0.05038063576733334,0.05038063576733334,1.0851955496615961,3.308190730299648,1.102730243433216,0.17628797313875325,1.032401682086111,0.1689804480753259,1.077047682574912,1,0,III,III,1,0,0
L159,wild type,sampled for quadrant III,0.016131281486700032,0.5122619741420477,0.09176734923220049,0.0011058776834673141,1.4330081078968024e-06,0.0011044446753594173,0.6277581467150399,0.0003428116299788417,0.6274153350850611,0.037750108773978976,0.5896652263110821,298.09810495804305,0.9966878642131451,0.036550339391101,1.1371149631493254,1.167416623755528,1.2283329064273285,3.532864493332182,1.177621497777394,1.0,1.0,2.690693274974055,0.7616180241422748,0.1781311288900612,0.4792962305680243,0.0,0.0,1.05,0.0,0.1481191045170368,0.1481191045170368,0.0,0.09244041984639743,0.09244041984639743,1.1618538893311807,3.6043222127546075,1.2014407375848692,0.17026449655586579,1.068925135195661,0.15811230542974156,1.1510805531886519,1,0,III,III,1,0,0
L160,wild type,sampled for quadrant III,0.04295707457962372,0.1534412450462997,0.48958953584272713,0.006938557115365324,9.648874534956857e-06,0.006928908240830367,1.0785379538945006,0.0002835070637172611,1.0782544468307833,0.06875162472333975,1.0095028221074436,135.86070342769932,0.9793994793195853,0.08526568058755331,1.2825828905794396,1.1385422048604947,1.142650790055987,3.563775885495921,1.187925295165307,1.0,1.0,2.715194458413811,0.7618869832596038,0.28612193646662604,0.7768766963248115,0.0,0.0,1.05,0.0,0.3013777505059718,0.3013777505059718,0.0,0.14961198043070265,0.14961198043070265,1.2748107818008332,4.094242411933164,1.364747470644388,0.15891773833065226,1.1452466031282273,0.1429064306587912,1.273560602983291,1,0,III,III,1,0,0
L161,wild type,sampled for quadrant III,0.050172110419085675,0.17501305578918086,0.2708512845922163,0.009162749604771354,1.3030884249294882e-05,0.00914971872052206,0.5219367789139737,0.00011564679726051323,0.5218211321167132,0.05181161971174186,0.47000951240497135,51.357831218130904,0.9728861150516704,0.09636967728945944,1.229851552615726,1.1343724302425233,1.1502185596351153,3.5144425424933647,1.1714808474977882,1.0,1.0,2.6767657148949042,0.7616473117798761,0.15049822075476296,0.4028484774690342,0.0,0.0,1.05,0.0,0.11897265464767903,0.11897265464767903,0.0,0.07768363900099878,0.07768363900099878,1.1343602913920594,3.49590671914474,1.1653022397149133,0.17251237835650757,1.0549967586898934,0.1619250677288269,1.123976679786185,1,0,III,III,1,0,0
L162,wild type,sampled for quadrant III,0.03266391913090558,0.1664448532626756,0.40626585573921803,0.004201186379193367,5.670576493976844e-06,0.00419551580269939,0.8585342748133555,0.00020907091608961847,0.858325203897266,0.0646301059510099,0.793695097946256,165.06508558274402,0.9874755330840228,0.06806255843370872,1.2673735411247204,1.1386516141170733,1.1476747785457608,3.5536999337875548,1.1845666445958516,1.0,1.0,2.7071948603890372,0.7617961310266544,0.23531550944775462,0.6370449377467893,0.0,0.0,1.05,0.0,0.2212802661504767,0.2212802661504767,0.0,0.12274443507419812,0.12274443507419812,1.220420867476432,3.8491858463949082,1.2830619487983028,0.16475022964954503,1.104702557241641,0.15012829432825847,1.212296461598727,1,0,III,III,1,0,0
L163,wild type,sampled for quadrant III,0.01940132431246377,0.41883674821064704,0.3097977093538595,0.0015805919005757716,2.0538133420332715e-06,0.0015785380872337385,0.9243176324179522,0.0003165827971393362,0.9240010496208129,0.07332084038872455,0.8506802092320883,358.1804748793182,0.9952694487683607,0.04326601755800298,1.2426871037864562,1.1729352768722148,1.2169132068228998,3.632535587481571,1.2108451958271902,1.0,1.0,2.7663877871742377,0.7615583441791326,0.25087488008517117,0.6940172043764189,0.0,0.0,1.05,0.0,0.22998384524439397,0.22998384524439397,0.0,0.1338970098766,0.1338970098766,1.2427103066340757,3.9272104315949594,1.3090701438649865,0.1641062291278926,1.1090377310306867,0.147750945511037,1.2318026078987399,1,0,III,III,1,0,0
L164,wild type,sampled for quadrant III,0.02596647696367563,0.41980096792272853,0.5370796560535854,0.0027458609486401032,3.6282391248679503e-06,0.0027422327095152355,1.5453620125725662,0.0005224411793688717,1.5448395713931973,0.0943821103678895,1.4504574610253078,412.55188960860767,0.9917962530671953,0.05598846017372855,1.2893568253692536,1.1811939353949878,1.21911864103279,3.6896694017970315,1.2298898005990104,1.0,1.0,2.810255116175867,0.7616549913136252,0.3830242931885323,1.0763959795527183,0.0,0.0,1.05,0.0,0.468443591840479,0.468443591840479,0.0,0.2075589810717199,0.2075589810717199,1.4005108111341398,4.671177888110516,1.5570592960368386,0.14740841545263983,1.2346649235807974,0.12836839442582712,1.417794472027629,1,0,III,III,1,0,0
L165,wild type,sampled for quadrant III,0.05542285996493196,0.20041479133109358,0.38736070608467466,0.010945375410731676,1.5779777538275297e-05,0.0109295956331934,0.8419302157141403,0.00020811268390453653,0.8417221030302358,0.06718642595052854,0.7745356770797072,70.48168741166172,0.9676971267704343,0.1040884406690431,1.2632488404205988,1.1453321448500084,1.1605939196107113,3.5691749048813186,1.189724968293773,1.0,1.0,2.7187521498960434,0.7617312746925881,0.23133742692550538,0.6289491268051366,0.0,0.0,1.05,0.0,0.21277297622509916,0.21277297622509916,0.0,0.12122786787569835,0.12122786787569835,1.2174209088535155,3.83234216581384,1.2774473886046134,0.16538214854516353,1.100481530812247,0.15065158364616626,1.20808554145346,1,0,III,III,1,0,0
L166,wild type,sampled for quadrant III,0.03100898737247088,0.294421397493615,0.3266685991342734,0.0038135246716797648,5.122923030049951e-06,0.0038084017486497146,0.7944009432354262,0.00021827175630576094,0.7941826714791205,0.06886834487946203,0.7253143265996584,165.03518677472692,0.9886246204941388,0.06512899881282906,1.247721709989479,1.1589505992929967,1.189347580931858,3.5960198902143334,1.198673296738111,1.0,1.0,2.7387510040669247,0.761606188975692,0.21983535228576984,0.6020742918020583,0.0,0.0,1.05,0.0,0.19210837967706218,0.19210837967706218,0.0,0.11612782427686255,0.11612782427686255,1.2073863808579497,3.7830297575355605,1.2610099191785202,0.16692722119864914,1.090295511379859,0.1522047816769385,1.1957574393838901,1,0,III,III,1,0,0
L167,wild type,sampled for quadrant III,0.008241860925166362,0.4318754296101835,0.5241313295620402,0.00030721950619356933,4.017935278503344e-07,0.000306817712665719,1.5253535474036655,0.0005205323220253832,1.52483301508164,0.09385632327875355,1.4309766918028866,1166.8687165212752,0.9990787660781772,0.019681270028432285,1.2876390481205153,1.1819390067641977,1.2212533984976137,3.6908314533823265,1.2302771511274422,1.0,1.0,2.811107536145207,0.7616461417031306,0.37915447720908696,1.0658440082456606,0.0,0.0,1.05,0.0,0.45898900683597943,0.45898900683597943,0.0,0.20553428760026163,0.20553428760026163,1.3959166020843334,4.645908147604312,1.5486360492014375,0.14803690991674198,1.22942312226295,0.1289429407931312,1.4114770369010783,1,0,III,III,1,0,0
L168,wild type,sampled for quadrant III,0.011064155480803698,0.21443531891598916,0.09868543651463842,0.000534293077209534,6.768415489173223e-07,0.0005336162356606167,0.22321017294115048,6.705049719297783e-05,0.2231431224439575,0.025947440634406186,0.19719568180955133,145.48079259218824,0.9983984046932032,0.025789611074049614,1.1421902335345901,1.131040318506654,1.162658276047526,3.4358888280887703,1.1452962760295902,1.0,1.0,2.6164375993670363,0.7615024030979612,0.06737601735683128,0.1762851451080194,0.0,0.0,1.05,0.0,0.046857977335938106,0.046857977335938106,0.0,0.03402124016105216,0.03402124016105216,1.056763948922241,3.20407335367968,1.06802445122656,0.17820250947264396,1.0213099722253856,0.1731653895531596,1.05101833841992,1,0,III,III,1,0,0
L169,wild type,sampled for quadrant III,0.011463615428742883,0.34808861034100846,0.05798822998504129,0.0005713932798611485,7.286872031717006e-07,0.0005706645926579768,0.34060905674682374,0.00015440897409290858,0.3404546477727308,0.02476190988122397,0.31569273789150687,216.75608589653677,0.9982872885275428,0.026642028508504362,1.109783129074595,1.1484399403597403,1.1984489378961296,3.456672007330465,1.1522240024434882,1.0,1.0,2.632644964490074,0.7616126027887805,0.1009713086070261,0.26582160716226055,0.0,0.0,1.05,0.0,0.07463304061047027,0.07463304061047027,0.0,0.051269743345162724,0.051269743345162724,1.0867624954759623,3.3157948587703476,1.1052649529234493,0.17598905732264278,1.034155206970268,0.16868271635307083,1.078948714692587,1,0,III,III,1,0,0
L170,wild type,sampled for quadrant III,0.012471692366476097,0.5056591402627068,0.24867959197498601,0.0006776841387542381,8.735811683995836e-07,0.0006768105575858385,0.9132509707663415,0.0003845530356441936,0.9128664177306973,0.0670670415326796,0.8457993761980177,544.3521516776541,0.9979690128349759,0.02890367950599439,1.2216527169441616,1.1772375839204217,1.2303960882111558,3.629286389075739,1.209762129691913,1.0,1.0,2.763822477624172,0.7615333102241147,0.24827967192732864,0.686200938009906,0.0,0.0,1.05,0.0,0.22666547972079132,0.22666547972079132,0.0,0.13240726655528487,0.13240726655528487,1.239709522343565,3.914787760833679,1.3049292536112265,0.16435146618804483,1.1073828802461816,0.14812440240074817,1.2286969402084198,1,0,III,III,1,0,0
L171,wild type,sampled for quadrant III,0.05660448285402443,0.28573058484830166,0.47456385457986533,0.011366615290186299,1.6423008063437364e-05,0.011350192282122862,1.1808109162177904,0.000338002762798916,1.1804729134549916,0.08169486801502762,1.098778045439964,95.48375917821585,0.9664750012819796,0.10579157048337992,1.2803407560620887,1.1634215957886878,1.1881090170237525,3.631871368874529,1.210623789624843,1.0,1.0,2.76641495765575,0.7617051037005826,0.3085769482176579,0.8536518851370927,0.0,0.0,1.05,0.0,0.32682102831789894,0.32682102831789894,0.0,0.16456230926424495,0.16456230926424495,1.3061186781314869,4.219004093785079,1.4063346979283597,0.15710859031709032,1.158434428268191,0.13949021440065942,1.3047510234462698,1,0,III,III,1,0,0
L172,wild type,sampled for quadrant III,0.006859018487813744,0.26478170446312277,0.21138001239401866,0.0002122506032957311,2.6888492672793687e-07,0.00021198171836900315,0.48695217544501335,0.00013296508301299792,0.4868192103620004,0.05068876804678765,0.4361304423152127,401.6926649664206,0.9993634508735245,0.016449087977075484,1.2062852994889879,1.1482875206292544,1.1799254823478127,3.534498302466055,1.1781661008220183,1.0,1.0,2.6916533971800694,0.7615376120854481,0.14115992904515787,0.3799536025600967,0.0,0.0,1.05,0.0,0.10686560780190368,0.10686560780190368,0.0,0.07331296623357064,0.07331296623357064,1.1263428035412364,3.4617049097067953,1.1539016365689319,0.1734548202685264,1.049264584969416,0.163166326490167,1.1154262274266988,1,0,III,III,1,0,0
L173,wild type,sampled for quadrant III,0.024589161750429387,0.08229257309385103,0.37140966480256676,0.0024736844203326305,3.2605732039304954e-06,0.0024704238471287,0.6987380641750821,0.00015493610613542024,0.6985831280689467,0.0494504077178774,0.6491327203510693,201.1518548101652,0.9926064147655249,0.05335416507011615,1.2592218058872855,1.1134226772872184,1.1073600300469673,3.4800045132214716,1.1600015044071572,1.0,1.0,2.651582248731691,0.7619479338769872,0.19616049072190428,0.520135675100699,0.0,0.0,1.05,0.0,0.1784474529682477,0.1784474529682477,0.0,0.10013479098678163,0.10013479098678163,1.1764526924061023,3.674734262243735,1.2249114207479117,0.16795655306368845,1.0836135695818092,0.15573077722937376,1.1686835655609338,1,0,III,III,1,0,0
L174,wild type,sampled for quadrant III,0.01629200689179466,0.44183996004369425,0.42836951834808085,0.0011357799263406103,1.4651392673451915e-06,0.001134314787073265,1.2690144632216933,0.00043380679237164254,1.2685806564293216,0.08653111748449055,1.1820495389448311,594.1691124497034,0.9965984586155933,0.036991057417126785,1.2719196697367186,1.1798085424203546,1.2222629437247432,3.673991155881817,1.2246637186272722,1.0,1.0,2.7981359313839436,0.7616066050960174,0.32737480398643637,0.9160392020642231,0.0,0.0,1.05,0.0,0.35254145436509854,0.35254145436509854,0.0,0.17668483296982837,0.17668483296982837,1.3320684137061503,4.327933161229032,1.442644387076344,0.15530066817314298,1.1719202637112303,0.1366383507393826,1.331983290307258,1,0,III,III,1,0,0
L175,wild type,sampled for quadrant III,0.05682378278918812,0.35709122793941966,0.2816767954482054,0.011434033411057708,1.65515723592009e-05,0.011417481838698507,0.7672025781228127,0.00023942953487910324,0.7669631485879336,0.0669011531920211,0.7000619953959125,61.701826974385625,0.966279547262993,0.10606952965903489,1.2336673643643095,1.1650088398473075,1.2040970581525332,3.60277326236415,1.20092442078805,1.0,1.0,2.743713684931402,0.7615560250746862,0.21317609129947496,0.5848941589985553,0.0,0.0,1.05,0.0,0.18206898958937823,0.18206898958937823,0.0,0.1128452993454451,0.1128452993454451,1.2009716805288777,3.754395387818726,1.2514651292729086,0.16768305861654903,1.0853809651468154,0.15312146774019142,1.1885988469546815,1,0,III,III,1,0,0
L176,wild type,sampled for quadrant III,0.051125355049141404,0.15873756225003338,0.2058277939189757,0.009471583413768381,1.351450817385128e-05,0.00945806890559453,0.36039551311492685,7.636858109434942e-05,0.3603191445338325,0.04066967643074412,0.31964946810308836,34.416525073091336,0.9719851521139482,0.09777532957019788,1.2037221303184553,1.1267090133134579,1.1431182306283434,3.473549374260257,1.1578497914200856,1.0,1.0,2.645420095274709,0.7615898927125774,0.10651309277572933,0.2817718760387738,0.0,0.0,1.05,0.0,0.07854726849505872,0.07854726849505872,0.0,0.05435291352744202,0.05435291352744202,1.0922137617924668,3.335378918068005,1.111792972689335,0.17567934259487367,1.0359783757826446,0.16792073167261282,1.0838447295170013,1,0,III,III,1,0,0
L177,wild type,sampled for quadrant III,0.019198470721608317,0.23409342210436818,0.524562877506472,0.0015537546827358402,2.011916557419045e-06,0.001551742766178421,1.262915338001401,0.00035929674511208406,1.262556041256289,0.08095414775209966,1.1816018935041894,494.532754668682,0.9953495827831965,0.04290630077773409,1.2877808841510099,1.1565828202309598,1.1729116348504365,3.617275339232406,1.205758446410802,1.0,1.0,2.755577428903232,0.76178260444171,0.3260915735660571,0.8985705798741649,0.0,0.0,1.05,0.0,0.3639854613821242,0.3639854613821242,0.0,0.1731475338364828,0.1731475338364828,1.3244435745719214,4.314313551117916,1.4381045170393054,0.15450295609486212,1.1779709890356738,0.1369885297503491,1.328578387779479,1,0,III,III,1,0,0
L178,wild type,sampled for quadrant III,0.026842961230299823,0.07638382415821039,0.45139065851955784,0.002917899022873968,3.870340696807158e-06,0.002914028682177161,0.9123125544392487,0.00022338272604339353,0.9120891717132054,0.05417578932305036,0.857913382390155,232.85759768510405,0.9912845049865564,0.05759034486520922,1.2759419077979746,1.1146041976879901,1.1043143940646818,3.4948604995506463,1.1649534998502153,1.0,1.0,2.6632907523705365,0.7620592446287829,0.2480591937790906,0.660653756832343,0.0,0.0,1.05,0.0,0.2514354148808624,0.2514354148808624,0.0,0.12710882467506474,0.12710882467506474,1.2290954853000278,3.9030781090705142,1.301026036356838,0.16252969936290096,1.1197953402573224,0.14847815674264433,1.2257695272676286,1,0,III,III,1,0,0
L179,wild type,sampled for quadrant III,0.02552870158325431,0.21105617782296043,0.34419253466302807,0.002653786770419328,3.506314011856123e-06,0.0026502804564074722,0.7403322942000633,0.00017995762765588014,0.7401523365724074,0.06419929361624795,0.6759530429561594,202.62055251656045,0.9920702473820461,0.0551229150684069,1.2525432513321726,1.1456211133402745,1.164078168392502,3.5622425330649494,1.1874141776883165,1.0,1.0,2.7132954014097037,0.7616818271705906,0.2065413425914409,0.5604076750543429,0.0,0.0,1.05,0.0,0.17974466151806456,0.17974466151806456,0.0,0.10804615963858819,0.10804615963858819,1.1916545032480879,3.7233105728588174,1.2411035242862725,0.16785853806981216,1.0842463069963497,0.15412918307410234,1.1808276432147045,1,0,III,III,1,0,0
L180,wild type,sampled for quadrant III,0.040821720132771466,0.08198898251563876,0.507134427543261,0.006325592046513338,8.744414832949245e-06,0.006316847631680389,1.0742036290351928,0.00028141922626560953,1.0739222098089272,0.05857558950640414,1.015346620302523,146.63710758319758,0.9812021492800014,0.08183043189134456,1.2849565221093837,1.1184606175455671,1.1076774207081426,3.5110945603630936,1.1703648534543645,1.0,1.0,2.675774419663715,0.7620912435314772,0.2851543502539998,0.76300871606548,0.0,0.0,1.05,0.0,0.3109134937434471,0.3109134937434471,0.0,0.14677586497112502,0.14677586497112502,1.2689568334695136,4.084241749838067,1.3614139166126888,0.1582372699116545,1.1501715120692646,0.1431875264434833,1.2710604374595167,1,0,III,III,1,0,0
L181,wild type,sampled for quadrant IV,0.5171629980239252,0.2035902080379665,0.2655516434766049,0.3186535020364459,0.0010046065992653367,0.31764889543718056,0.5388023969132545,0.00012539036460149292,0.538677006548653,0.05403263422079774,0.4846443723278553,1.685582649589811,0.3844427075888213,0.36105946316197257,1.227993470221629,1.1402477826670618,1.1608502171085877,3.5290914699972786,1.1763638233324263,1.0,1.0,2.6878083238046044,0.7616148084160247,0.15496374653413414,0.4165128478223927,0.0,0.0,1.05,0.0,0.12216415872626035,0.12216415872626035,0.0,0.08033300082735094,0.08033300082735094,1.1392479915817009,3.5135053333281014,1.1711684444427004,0.1722647979021106,1.0565130091373713,0.1612937054985594,1.1283763333320254,0,0,IV,IV,1,1,0
L182,wild type,sampled for quadrant IV,0.7534708599000797,0.395491413473675,0.09370039652388142,0.4943267816339999,0.0019736180618027586,0.49235316357219716,0.45018597128849386,0.00020358350942068981,0.4499823877790732,0.03437296991029957,0.4156094178687736,0.9088666068154156,0.2269602595469611,0.4091658154150413,1.138566181695115,1.1571493915736355,1.2091015791634987,3.504817152432249,1.168272384144083,1.0,1.0,2.669159859247176,0.7615689330311713,0.13123543434982196,0.35028835347741283,0.0,0.0,1.05,0.0,0.09969403430166035,0.09969403430166035,0.0,0.06757732783823132,0.06757732783823132,1.1159073578551053,3.4240735099136783,1.1413578366378927,0.1740154992924839,1.0458838479329695,0.16455422776512693,1.1060183774784196,0,0,IV,IV,1,1,0
L183,wild type,sampled for quadrant IV,0.48868229903510885,0.13183669299016132,0.367154785502835,0.2973481650772908,0.0009071102095203058,0.2964410548677705,0.7235394944103021,0.0001643050208443529,0.7233751893894578,0.05671184822219006,0.6666633411672677,2.4251514810652854,0.40981702670176146,0.353684665324104,1.258332940757139,1.1282980534803906,1.1324966433554682,3.519127637592998,1.1730425458643328,1.0,1.0,2.680942755078077,0.7618202666021456,0.20236652535653124,0.5425330700249164,0.0,0.0,1.05,0.0,0.18084211936454142,0.18084211936454142,0.0,0.10452019047750102,0.10452019047750102,1.184855187266309,3.7029853228842384,1.2343284409614128,0.1677756605849032,1.08478190081629,0.15479529490717897,1.1757463307210596,0,0,IV,IV,1,1,0
L184,wild type,sampled for quadrant IV,0.6691842448804778,0.3778922787334598,0.10151254724766824,0.4320767253753827,0.001595794437336768,0.43048093093804596,0.43580030764742395,0.00018768626195029878,0.43561262138547363,0.03532689449208257,0.40028572689339104,1.00628891397865,0.27356112888216344,0.3942180407501305,1.144231494535189,1.1558704921850038,1.2057709098914657,3.505872896611659,1.1686242988705529,1.0,1.0,2.6699051715475894,0.7615521869398026,0.12732109406209124,0.3399352474834745,0.0,0.0,1.05,0.0,0.09567737390199915,0.09567737390199915,0.0,0.06558606368421611,0.06558606368421611,1.11230709843195,3.4099268382291497,1.1366422794097166,0.17433031624637285,1.0439951232738427,0.16508210378663235,1.1024817095572874,0,0,IV,IV,1,1,0
L185,wild type,sampled for quadrant IV,0.36928332176494916,0.4849514442542606,0.31023012932587124,0.20850528397614512,0.0005463619055780327,0.2079589220705671,1.0267773197131524,0.0003926122859403488,1.026384707427212,0.07538743918054688,0.9509972682466652,4.900961447015648,0.5349853840840201,0.3170209997103495,1.2427633742277175,1.1786726021299816,1.2281335022609179,3.6495694786186172,1.2165231595395392,1.0,1.0,2.7793335921891367,0.7615510838941831,0.27448092327261076,0.762874050466656,0.0,0.0,1.05,0.0,0.2635106569605561,0.2635106569605561,0.0,0.14718747276634198,0.14718747276634198,1.2698047513692716,4.043382316821614,1.3477941056072045,0.1616489310562314,1.1258967121575907,0.14434757356622377,1.2608455792054034,0,0,IV,IV,1,1,0
L186,wild type,sampled for quadrant IV,0.8239176872076899,0.18952261844983515,0.3182128551149818,0.5458781621974741,0.002316005599701478,0.5435621565977726,0.6518920745614671,0.0001510197789478758,0.6517410547825193,0.05918450797574378,0.5925565468067755,1.1920243294082626,0.19443944783249478,0.4202560910623799,1.245202329315694,1.1399912364009996,1.1561451303300685,3.541338696046762,1.1804462320155873,1.0,1.0,2.6973692849202835,0.7616806853101592,0.18430622753972267,0.4971419571851768,0.0,0.0,1.05,0.0,0.15459909759734253,0.15459909759734253,0.0,0.0958491818510285,0.0958491818510285,1.1682989690722962,3.6296325703641084,1.2098775234547028,0.16976872899371698,1.0720466665373674,0.1572479001163465,1.1574081425910272,0,0,IV,IV,1,1,0
L187,wild type,sampled for quadrant IV,0.5828611213367225,0.08152714799740325,0.17088908376577555,0.3677802312694028,0.0012459715489286198,0.36653425972047415,0.22965346926091493,4.0024483700236035e-05,0.22961344477721468,0.026302621396180302,0.20331082338103437,0.6227380151870114,0.331760918722942,0.37653811173613333,1.1865632396154162,1.101875307513816,1.1058156660884504,3.3942542132176823,1.1314180710725608,1.0,1.0,2.5851888902775237,0.761636792026493,0.06925199451574339,0.1790294868516598,0.0,0.0,1.05,0.0,0.05058395792555487,0.05058395792555487,0.0,0.03452530845865351,0.03452530845865351,1.0576287641412456,3.2093992408963627,1.0697997469654543,0.17790396923139953,1.023023830138791,0.17294629431371716,1.0523498102240907,0,0,IV,IV,1,1,0
L188,wild type,sampled for quadrant IV,0.4055830582445633,0.24979669676193933,0.4844520608413502,0.23537377119002512,0.0006475953543002499,0.23472617583572486,1.1653303485101523,0.00032445235755931536,1.1650058961525929,0.07957446115221088,1.085431435000382,4.930032391679034,0.49355483412292067,0.32930997955465574,1.2819293393065463,1.1580591009867385,1.177685097336556,3.617673537629841,1.205891179209947,1.0,1.0,2.755738867049931,0.7617433796570223,0.3052239627484033,0.8411175373007752,0.0,0.0,1.05,0.0,0.32388835885181766,0.32388835885181766,0.0,0.16211181594649499,0.16211181594649499,1.3009348426784821,4.199472622043163,1.399824207347721,0.15731606359290748,1.1569066492215827,0.1400142000774548,1.299868155510791,0,0,IV,IV,1,1,0
L189,wild type,sampled for quadrant IV,0.9565558339394736,0.2093581831322508,0.4974674060875581,0.641441954015088,0.0030243106607576796,0.6384176433543303,1.1570321810178572,0.00031518500154297175,1.1567169960163142,0.07648150434662501,1.0802354916696892,1.8009910059371432,0.14597413039554272,0.4383663351247458,1.2839028168845006,1.151110931528313,1.1644195548762126,3.599433303289026,1.1998111010963421,1.0,1.0,2.742045346494489,0.7617991821070588,0.30341994721612936,0.831991254297591,0.0,0.0,1.05,0.0,0.32472574171872315,0.32472574171872315,0.0,0.16030357261583442,0.16030357261583442,1.2971228359446578,4.187960494911893,1.3959868316372976,0.15725679456120115,1.1573426795824031,0.14032489274233834,1.2969901237279733,0,0,IV,IV,1,1,0
L190,wild type,sampled for quadrant IV,0.9291405284271965,0.10201347719772359,0.12449193048460934,0.6217952372162906,0.0028725718987779453,0.6189226653175126,0.15975778742981214,3.027917361573609e-05,0.15972750825619642,0.021250706728626882,0.13847680152756953,0.256517355758663,0.15483647613313087,0.4348706563088008,1.1596863457482884,1.1050614760473507,1.1163180675333482,3.3810658893289878,1.1270219631096625,1.0,1.0,2.574821554735498,0.7615413715721765,0.04869857286065826,0.12539013508648003,0.0,0.0,1.05,0.0,0.034337373169716384,0.034337373169716384,0.0,0.024193828848257843,0.024193828848257843,1.0400439256587497,3.1444605554801996,1.0481535184933999,0.17920938470056874,1.015571814523519,0.17565615361868248,1.0361151388700498,0,0,IV,IV,1,1,0
L191,wild type,sampled for quadrant IV,0.7737585179000421,0.06597412546228194,0.3076033811292521,0.5092401581710668,0.0020700630404484176,0.5071700951306184,0.5266829560833352,0.00010613101534398458,0.5265768250679912,0.04116267584608797,0.48541414922190323,1.032225605235007,0.21702982890143765,0.4124808120946913,1.2417440480638595,1.1046215642393953,1.097675152322474,3.4440407646257287,1.1480135882085762,1.0,1.0,2.6240401211414017,0.761907393226387,0.15175725119871272,0.39821711581955627,0.0,0.0,1.05,0.0,0.12835970924843493,0.12835970924843493,0.0,0.07668057108872324,0.07668057108872324,1.132515249511097,3.497639451528941,1.1658798171763136,0.1717851929152129,1.0594626749339726,0.1618626854921689,1.1244098628822352,0,0,IV,IV,1,1,0
L192,wild type,sampled for quadrant IV,0.5057807612276186,0.4891425701376899,0.4621356012563206,0.31016902960837117,0.0009643582342883444,0.3092046713740828,1.436092623110754,0.0005209880259129883,1.435571635084841,0.09079964958527326,1.344771985499568,4.615152815555523,0.39435368731317966,0.35817697835911366,1.2780668819808014,1.1847845596820061,1.23036218804999,3.6932136297127975,1.2310712099042658,1.0,1.0,2.8127820678926234,0.7616082766680787,0.36159279362069235,1.0170817257754816,0.0,0.0,1.05,0.0,0.4184899093093595,0.4184899093093595,0.0,0.19617201968832387,0.19617201968832387,1.3748679745926409,4.534126328516455,1.5113754428388182,0.1507595566891605,1.2072203182134036,0.13154741268711814,1.3835315821291136,0,0,IV,IV,1,1,0
L193,wild type,sampled for quadrant IV,0.9572508522533806,0.48178349951686406,0.33915389567004006,0.641928014398893,0.003027839837024427,0.6389001745618685,1.0944631707938937,0.00040717924171197446,1.0940559915521817,0.0788725436258957,1.015183447926286,1.7023105950938604,0.1457614287864332,0.4384535733288191,1.2511168163514115,1.1796920719005592,1.2279941726182682,3.6588030608702384,1.2196010202900796,1.0,1.0,2.7864062022982763,0.7615622256628198,0.28966581804617164,0.8071266319976567,0.0,0.0,1.05,0.0,0.28692935955452503,0.28692935955452503,0.0,0.155715927324621,0.155715927324621,1.2875015400355532,4.121508592212754,1.3738361974042512,0.15995435211984094,1.1378246205119948,0.14214561723218094,1.2803771480531885,0,0,IV,IV,1,1,0
L194,wild type,sampled for quadrant IV,0.5717460086511819,0.2733575863153827,0.31408379409564896,0.35950645198791503,0.0012030268169985077,0.3583034251709165,0.7365951900543226,0.00019484530114400277,0.7364003447531786,0.06592871869815672,0.6704716260550219,2.0432233209490933,0.3400987181672985,0.37406593444147657,1.2440291283321037,1.1551877092464453,1.1834510554330993,3.582667893011648,1.1942226310038826,1.0,1.0,2.7285903328571313,0.7616085035901652,0.20561416453477105,0.5610368216480719,0.0,0.0,1.05,0.0,0.17536352310510672,0.17536352310510672,0.0,0.10821115557990085,0.10821115557990085,1.1919736276921433,3.7206186624714888,1.2402062208238296,0.1681897996757641,1.0821108078543358,0.1542170745092242,1.1801546656178723,0,0,IV,IV,1,1,0
L195,wild type,sampled for quadrant IV,0.4228426548827698,0.3258885205570829,0.4923594856736464,0.24820795501195964,0.0006981995490736389,0.247509755462886,1.283490403263678,0.0003856331583813163,1.2831047701052967,0.08577781983711548,1.1973269502681811,5.150278622534672,0.47491289769511186,0.3347720140444415,1.2831732341317852,1.1695429026810424,1.1986726627254816,3.651388799538309,1.2171295998461031,1.0,1.0,2.781208306700559,0.7616850626951099,0.33041070763062924,0.9189410046851159,0.0,0.0,1.05,0.0,0.3641637654201808,0.3641637654201808,0.0,0.17716794607189365,0.17716794607189365,1.3331131914462326,4.34272957527465,1.4475765250915502,0.1544905597667562,1.1780655094704586,0.13625993787315654,1.3356823938186628,0,0,IV,IV,1,1,0
L196,wild type,sampled for quadrant IV,0.5674374327721068,0.3724021770958766,0.41144637400135314,0.35630178764462794,0.0011864135900365735,0.35511537405459137,1.1214263509978386,0.0003472177372449244,1.1210791332605936,0.08207402313923416,1.0390051101213595,3.1385970901248563,0.34338419283247096,0.37309442782468477,1.2685672206621719,1.1723433613019023,1.208695967234775,3.649606549198849,1.2165355163996163,1.0,1.0,2.7796187414269538,0.7616214800023108,0.2956259442131589,0.8217274149869356,0.0,0.0,1.05,0.0,0.29935171827365803,0.29935171827365803,0.0,0.15848107394335095,0.15848107394335095,1.2932920794508216,4.151694708870373,1.3838982362901244,0.15906269200586054,1.144202941022112,0.14131272156840027,1.2879236772175933,0,0,IV,IV,1,1,0
L197,wild type,sampled for quadrant IV,0.9985529110671159,0.34805938913177875,0.23693796785443932,0.6712422943132764,0.0032664881326908636,0.6679758061805856,0.6510699343950632,0.00020668255914821094,0.650863251835915,0.059860707366630114,0.5910025444692849,0.9685048678172776,0.13349024393646713,0.44346976337623906,1.2171244647324013,1.161557334816111,1.201566466198284,3.580248265746796,1.1934160885822653,1.0,1.0,2.726484834103511,0.7615351315685365,0.1840966335497368,0.5019366793828689,0.0,0.0,1.05,0.0,0.14892657245304608,0.14892657245304608,0.0,0.09685121874057688,0.09685121874057688,1.17020035017234,3.630877857168588,1.210292619056196,0.17020264038986793,1.0693136110174843,0.1572056146704577,1.1577194642921471,0,0,IV,IV,1,1,0
L198,wild type,sampled for quadrant IV,0.6152318061239868,0.46675998750359404,0.23294424876626763,0.39196946122847165,0.0013720352543289212,0.3905974259741427,0.8163259274264885,0.00032689398103794644,0.8159990334454506,0.06372127953226717,0.7522777539131834,2.0773266321371424,0.30853858093923037,0.38349751916787,1.215451504753138,1.173352590273942,1.2242177839418797,3.6130218789689597,1.2043406263229866,1.0,1.0,2.751422406492687,0.7615294063145431,0.22516242506333048,0.619516941419478,0.0,0.0,1.05,0.0,0.19648209202597255,0.19648209202597255,0.0,0.11954269318545421,0.11954269318545421,1.2140960724999985,3.8078181632454715,1.2692727210818238,0.16659900305731495,1.0924435120262193,0.1514200361330992,1.2019545408113679,0,0,IV,IV,1,1,0
L199,wild type,sampled for quadrant IV,0.8290273638703587,0.5039675890992847,0.5490159316161283,0.5496348246434264,0.0023401095394388425,0.5472947151039875,1.7104486314400933,0.0006334380573124596,1.7098151933827808,0.09849589495707878,1.6113192984257019,3.1063212039807424,0.1922604195914096,0.42102599947544894,1.2906920458060644,1.1883901108767088,1.233314502966437,3.7123966596492104,1.2374655532164034,1.0,1.0,2.8274804267454052,0.7616320899859278,0.41404670697958135,1.1707089597431564,0.0,0.0,1.05,0.0,0.5391062336396244,0.5391062336396244,0.0,0.22577361707738092,0.22577361707738092,1.4425273108030303,4.888838603610354,1.629612867870118,0.14279483530777978,1.2745559011831027,0.12362369713336593,1.4722096509025886,0,0,IV,IV,1,1,0
L200,wild type,sampled for quadrant IV,0.7317921937862872,0.19340957230800881,0.13887096888181005,0.4783786374910497,0.0018735216439387063,0.47650511584711097,0.2646827699085065,6.66815496855946e-05,0.2646160883588209,0.03220811986195097,0.23240796849686993,0.5521371817772089,0.23808300336582672,0.4055100200322831,1.168669517456729,1.1299718690105676,1.155874181720269,3.4545155681875652,1.151505189395855,1.0,1.0,2.6306508060571363,0.7615107687696209,0.07938501066638988,0.2088342422983929,0.0,0.0,1.05,0.0,0.05578184606042799,0.05578184606042799,0.0,0.04030102846708818,0.04030102846708818,1.0675886561495886,3.24343403276358,1.08114467758786,0.1774883293032518,1.0254195344249348,0.17155916514292613,1.060858508190895,0,0,IV,IV,1,1,0
L201,wild type,sampled for quadrant IV,0.45643138513212433,0.26439727448256073,0.4418694668587402,0.2732495013863306,0.0008017492829984456,0.27244775210333216,1.062949648630692,0.00029132197884970646,1.0626583266518423,0.07764203358929511,0.9850162930625472,3.875848974227789,0.4405424351652095,0.34477388306019774,1.2746027108922746,1.159014411566259,1.1818298661607476,3.6154469886192815,1.2051489962064272,1.0,1.0,2.7539009816475954,0.7617041517456448,0.2826359059134675,0.7783512987439556,0.0,0.0,1.05,0.0,0.28430702790788676,0.28430702790788676,0.0,0.15004706384584232,0.15004706384584232,1.2757112116719844,4.081344116770575,1.360448038923525,0.16014321754498684,1.1364827233402703,0.14326917903420347,1.2703360291926438,0,0,IV,IV,1,1,0
L202,wild type,sampled for quadrant IV,0.4824268834016319,0.16079411255440046,0.196902155556267,0.2926424034748384,0.0008865220576074079,0.29175588141723097,0.3436899919092245,7.32839486606038e-05,0.34361670796056387,0.039471393283020004,0.30414531467754385,1.170437197905154,0.41564356104136957,0.3519960176330594,1.1995929586363738,1.1266340379683721,1.1438954871339138,3.4701224837386597,1.1567074945795532,1.0,1.0,2.6427689317939365,0.7615779973698955,0.10183646990094276,0.26913025877777985,0.0,0.0,1.05,0.0,0.07448644918278402,0.07448644918278402,0.0,0.05191778624849306,0.05191778624849306,1.0879060189813168,3.3191737735337394,1.1063912578445798,0.17600066702478875,1.0340869899905907,0.16855075488300753,1.0797934433834349,0,0,IV,IV,1,1,0
L203,wild type,sampled for quadrant IV,0.9594549382266708,0.08702901229440525,0.4698021010092826,0.6434972054104557,0.0030412148982046547,0.6404559905122511,0.9706327424919022,0.00024293159778331712,0.9703898108941189,0.05717952797951742,0.9132102829146015,1.506030956136952,0.1450768588106029,0.4387246817907658,1.279187781011335,1.1188858450266828,1.1103796919550362,3.5084533179930544,1.1694844393310182,1.0,1.0,2.6735864304270294,0.762041329356038,0.2616392347536872,0.6995151077047702,0.0,0.0,1.05,0.0,0.2708747031893487,0.2708747031893487,0.0,0.13459898987444072,0.13459898987444072,1.2441268189119263,3.968221780459092,1.3227405934863639,0.16111414205257893,1.12963392090438,0.146531300769091,1.242055445114773,0,0,IV,IV,1,1,0
L204,wild type,sampled for quadrant IV,0.7008733533756869,0.2981121137316341,0.12914512908512715,0.45555666174289294,0.0017338938460120324,0.4538227678968809,0.3705315826341232,0.00012659434613606848,0.3704049882879872,0.03728151037398106,0.3331234779140061,0.8115785261343658,0.25495454994262184,0.40007769152702255,1.1627145755770893,1.1478063532003173,1.1879310152292761,3.498451944006683,1.1661506480022277,1.0,1.0,2.6641113070854816,0.7615114769975507,0.10933875443026823,0.2912906119803204,0.0,0.0,1.05,0.0,0.07911437630766677,0.07911437630766677,0.0,0.05621331701629912,0.05621331701629912,1.0955163076885162,3.3458933447236405,1.1152977815745468,0.17563451520759357,1.0362427896639943,0.1675144653248029,1.08647333618091,0,0,IV,IV,1,1,0
L205,wild type,sampled for quadrant IV,0.7600733026850242,0.10693261203055822,0.35197195132655673,0.4992114241036425,0.002004769769478491,0.497206654334164,0.6646178994661961,0.0001455202227754301,0.6644723792434206,0.05172962897707972,0.612742750266341,1.3286739715254665,0.22365865023189016,0.410260183864767,1.2544241933955953,1.1204716887600896,1.120397803772165,3.49529368592785,1.1650978953092832,1.0,1.0,2.6629144364861395,0.7618571358415768,0.18754365348128,0.4994127023266545,0.0,0.0,1.05,0.0,0.1650596769167661,0.1650596769167661,0.0,0.09619340793084374,0.09619340793084374,1.168951794978765,3.6402640968958186,1.2134213656319395,0.16897146127437185,1.0771049656987501,0.15688762208319298,1.1600660242239547,0,0,IV,IV,1,1,0
L206,wild type,sampled for quadrant IV,0.7027293892034578,0.20930914448425236,0.39345902909853037,0.45697052115370684,0.0017416986682546763,0.45522882248545216,0.8678193195198306,0.0002169302483340427,0.8676023892714966,0.06867918028716634,0.7989232089843302,1.894923973127449,0.25387543047601124,0.4004201288353234,1.2646477835890795,1.1473691415274216,1.163814964748064,3.575831889864565,1.1919439632881883,1.0,1.0,2.7238027931334026,0.7617256283366741,0.23753108408904522,0.6469878302977465,0.0,0.0,1.05,0.0,0.22061455897375004,0.22061455897375004,0.0,0.12470864801253359,0.12470864801253359,1.2243173153045794,3.8608937453823824,1.2869645817941275,0.16479959097732896,1.1043716730160893,0.14976669685313845,1.2152234363455956,0,0,IV,IV,1,1,0
L207,wild type,sampled for quadrant IV,0.3911566516729203,0.17732079767390735,0.05426671818171931,0.22460286278221891,0.0006070686156708859,0.22399579416654802,0.131535944632043,4.226241383676267e-05,0.13149368221820623,0.014956743777790786,0.11653693844041545,0.5830420013730877,0.5097633970080157,0.32453242585924175,1.1064693398693972,1.118929343882072,1.148608729007406,3.374007412758875,1.1246691375862916,1.0,1.0,2.569364828187357,0.7615172445891061,0.04027163021428562,0.10347251024635275,0.0,0.0,1.05,0.0,0.028021171971853484,0.028021171971853484,0.0,0.019967510323971326,0.019967510323971326,1.032935004117811,3.1185088235108336,1.0395029411702779,0.17971947440738242,1.0126893626866955,0.1767630060288215,1.0296272058777083,0,0,IV,IV,1,1,0
L208,wild type,sampled for quadrant IV,0.8726945126195983,0.3012700280266716,0.16418640605738927,0.581220210722506,0.0025671869775718923,0.5786530237449341,0.43728170101579616,0.00013939469957783846,0.4371423063162183,0.044442794899176824,0.3926995114170415,0.7510589515144993,0.17487905956546065,0.42729336847908944,1.183133920352412,1.1508168933397003,1.1892949721598396,3.523245785851952,1.1744152619506507,1.0,1.0,2.682994726868302,0.7615122219523296,0.12772499454744807,0.34268548686008576,0.0,0.0,1.05,0.0,0.09445681945613255,0.09445681945613255,0.0,0.06613123835952472,0.06613123835952472,1.1132916326630813,3.4120029122347812,1.1373343040782604,0.1744260933858828,1.043421866918509,0.16500442417687597,1.1030007280586953,0,0,IV,IV,1,1,0
L209,wild type,sampled for quadrant IV,0.8615646978441172,0.1407601109322576,0.0541795005437289,0.5731403141748808,0.0025097043207602137,0.5706306098541205,0.09757678793685434,2.8344528213234462e-05,0.0975484434086411,0.012476767396792862,0.08507167601184824,0.169952859131806,0.1791698675299369,0.42572055342980264,1.1063860701694772,1.1098435702796805,1.1337004750714936,3.3499301155206513,1.1166433718402171,1.0,1.0,2.5509744432476964,0.7615007941296172,0.030032532037646765,0.07661222169405456,0.0,0.0,1.05,0.0,0.020936221714586548,0.020936221714586548,0.0,0.01478551061607027,0.01478551061607027,1.0242848500634256,3.0874414056415382,1.0291471352138462,0.18029337537610626,1.0094658199189714,0.17810652869425975,1.0218603514103846,0,0,IV,IV,1,1,0
L210,wild type,sampled for quadrant IV,0.9058639317018178,0.2559115173339155,0.17928293352579688,0.6051191817743896,0.0027444679474354578,0.6023747138269542,0.41015745273463033,0.00011402237313283514,0.4100434303614975,0.04450193660947709,0.3655414937520204,0.676694394547803,0.1627796968648669,0.4318179682033438,1.191028708771894,1.1447629461726245,1.176951914380624,3.5127435693251425,1.1709145231083808,1.0,1.0,2.6750273428753526,0.7615208141678473,0.1202998814657513,0.32180547226554856,0.0,0.0,1.05,0.0,0.08823795809594892,0.08823795809594892,0.0,0.06209888768275803,0.06209888768275803,1.1060301495768672,3.3849829774499387,1.1283276591499796,0.17491490629687237,1.0405059457374235,0.16602116900881658,1.0962457443624847,0,0,IV,IV,1,1,0
L211,wild type,sampled for quadrant IV,0.9509951509859407,0.27970833525172256,0.32387241599924377,0.637458595497034,0.002993308471144171,0.6344652870258898,0.7689709645430423,0.00020538799169673668,0.7687655765513455,0.06754797773428847,0.701217598817057,1.2044179058227036,0.1477289967922465,0.4376673940834001,1.2469216931404954,1.156629326389141,1.1853312762102608,3.5888822957398974,1.1962940985799657,1.0,1.0,2.7333362374451555,0.7616121154738625,0.2136107864011625,0.5838701031794543,0.0,0.0,1.05,0.0,0.18489547337189116,0.18489547337189116,0.0,0.11261293242315179,0.11261293242315179,1.2005188835760339,3.7553801222810725,1.2517933740936908,0.16746991514515921,1.0867623587331876,0.15308975965748686,1.1888450305702682,0,0,IV,IV,1,1,0
L212,wild type,sampled for quadrant IV,0.5575444512275083,0.05550631734423413,0.16367091299151193,0.34884934403546203,0.0011504854554306666,0.34769885858003136,0.2021103810381623,3.308784347148963e-05,0.2020772931946908,0.021894862287021023,0.18018243090766978,0.577706902939557,0.351147810330491,0.37080238868519366,1.182683159184097,1.0917757767483718,1.0904900499998131,3.3649489859322816,1.1216496619774272,1.0,1.0,2.5629925906933626,0.761673535440915,0.06120627028918483,0.15687121725515601,0.0,0.0,1.05,0.0,0.045206075939534796,0.045206075939534796,0.0,0.03024602904245173,0.03024602904245173,1.0503093710710456,3.183313587522462,1.0611045291741539,0.17833502655861086,1.020551057815805,0.17402472579904124,1.0458283968806155,0,0,IV,IV,1,1,0
L213,wild type,sampled for quadrant IV,0.8350946969957658,0.22465782510188903,0.4020228953614004,0.5540175706889333,0.0023721758150603935,0.5516453948738729,0.9077015579750211,0.0002319863300400136,0.907469571644981,0.07095340968008972,0.8365161619648913,1.6354465262213365,0.18974907983609482,0.4219149687253152,1.2665511388373354,1.1506546243723355,1.1691232245330838,3.586328987742754,1.1954429959142514,1.0,1.0,2.731761289632311,0.7617151965056306,0.24697491390290705,0.6746765093102344,0.0,0.0,1.05,0.0,0.23279306233474661,0.23279306233474661,0.0,0.1300531900943928,0.1300531900943928,1.2349824799018623,3.905269765708561,1.3017565885695204,0.16389890568865112,1.1104406050503743,0.14841181724382516,1.2263174414271403,0,0,IV,IV,1,1,0
L214,wild type,sampled for quadrant IV,0.5708599484382639,0.18867220555916447,0.11049016659480428,0.35880255502351915,0.0012002036337467625,0.35760235138977237,0.213351550005002,5.7015360171065887e-05,0.21329453464483095,0.026360814480745617,0.18693372016408533,0.592968412887051,0.3408176603579143,0.3738530414806399,1.1504707736041102,1.1266752418999417,1.1537566975252591,3.430902713029311,1.143634237676437,1.0,1.0,2.6126323533400635,0.761499981744817,0.06449834052309572,0.16851045118738436,0.0,0.0,1.05,0.0,0.04478408345744658,0.04478408345744658,0.0,0.03252123688036278,0.03252123688036278,1.0541946181753852,3.194784155697948,1.064928051899316,0.1783688949924849,1.0203572770222527,0.17354885805295311,1.048696038924487,0,0,IV,IV,1,1,0
L215,wild type,sampled for quadrant IV,0.8691112963194314,0.1695233515358105,0.4857384931037942,0.5786729733687481,0.0025477408654965643,0.5761252325032515,1.0827070062052195,0.0002848813947985843,1.0824221248104209,0.07074966978648767,1.011672455023933,1.867789350110818,0.1762205541136138,0.4267985547789988,1.2820284903387051,1.1422478489914973,1.149334145646291,3.5736104849764936,1.1912034949921646,1.0,1.0,2.722568983359556,0.7618538715411969,0.28705139180902434,0.7815172159694409,0.0,0.0,1.05,0.0,0.30090490884098,0.30090490884098,0.0,0.15053312940575783,0.15053312940575783,1.276717904160626,4.09992887735954,1.3666429591198466,0.15895155624598659,1.1450029449119996,0.1427470887352684,1.274982219339885,0,0,IV,IV,1,1,0
L216,wild type,sampled for quadrant IV,0.8560147877072561,0.14796297869597042,0.2303043623178655,0.5691618749820967,0.002480310449090552,0.5666815645330061,0.4037293438956398,8.362937751955981e-05,0.40364571451812026,0.043212155214257746,0.3604335593038625,0.7080960015229307,0.18132112925780364,0.4249393450672377,1.2143281927864624,1.12553302252582,1.1387981061383958,3.4786593214506785,1.159553107150226,1.0,1.0,2.64945226815258,0.7616302786004636,0.1185309778543012,0.31404216812242153,0.0,0.0,1.05,0.0,0.08960354639569873,0.08960354639569873,0.0,0.06056427863317631,0.06056427863317631,1.1032790751066,3.377606537763211,1.1258688459210704,0.174807451529252,1.041145548475343,0.1663009212271462,1.0944016344408027,0,0,IV,IV,1,1,0
L217,wild type,sampled for quadrant IV,0.6488069964238166,0.4485403435022769,0.43694082293937114,0.41699990892557975,0.0015088435177873804,0.41549106540779235,1.3029186590255575,0.0004480314163186688,1.3024706276092388,0.08751233510962954,1.2149582924996092,3.117030963893171,0.28621851346953436,0.3902981704806529,1.2735735461107522,1.1806884573144405,1.223517841191923,3.6777798446171155,1.2259266148723718,1.0,1.0,2.8010279864168957,0.7616083900499225,0.334463689195359,0.9368421538764429,0.0,0.0,1.05,0.0,0.36562847373279594,0.36562847373279594,0.0,0.1806955115097601,0.1806955115097601,1.3407667623243633,4.369109053609442,1.4563696845364806,0.15438876569443194,1.178842250479653,0.13559046626378246,1.3422772634023605,0,0,IV,IV,1,1,0
L218,wild type,sampled for quadrant IV,0.7373801258851385,0.4269929151437263,0.15792793019264628,0.4825068008680725,0.0018985646708452528,0.48060823619722726,0.601575610250515,0.0002519341801501433,0.6013236760703649,0.04892243721268905,0.5524012388576758,1.244192654933634,0.235152649682039,0.40646848570551375,1.1796948597489385,1.165202984282809,1.2162391391338871,3.5611369831656345,1.1870456610552116,1.0,1.0,2.711903666017176,0.7615274781164015,0.17137897721039863,0.4647632765751541,0.0,0.0,1.05,0.0,0.13656039949521076,0.13656039949521076,0.0,0.08968220232789366,0.08968220232789366,1.1566648530323813,3.5788552558406854,1.192951751946895,0.171152420476511,1.0633796442567853,0.15899170411018768,1.1447138139601714,0,0,IV,IV,1,1,0
L219,wild type,sampled for quadrant IV,0.6470935076727361,0.45607087332145624,0.18812722692314,0.41568723214852266,0.0015022401329732992,0.41418499201554937,0.7044923165386258,0.0002952472129954957,0.7041970693256303,0.055634599968933766,0.6485624693566966,1.6906981116414883,0.2873478729232957,0.3899517994677538,1.1954106316582516,1.1698201656904235,1.2217629336485756,3.586993730997251,1.1956645769990837,1.0,1.0,2.7315889103498003,0.7615259783546842,0.1976046591894018,0.5397746956752217,0.0,0.0,1.05,0.0,0.16442237365040857,0.16442237365040857,0.0,0.10415750487626525,0.10415750487626525,1.1841580053859877,3.6870866027067115,1.2290288675689038,0.16901992695257614,1.0767961108577797,0.15532036459057372,1.171771650676678,0,0,IV,IV,1,1,0
L220,wild type,sampled for quadrant IV,0.5270441773596172,0.4463417763575803,0.23347993607967127,0.32605249253637286,0.001039062735717115,0.32501342980065573,0.7860264444091101,0.00030332051618845335,0.7857231238929216,0.06320618770082159,0.7225169361921,2.403364788059803,0.37600325541574725,0.36352182588690857,1.2156825947252465,1.1716265500662337,1.2208351864999452,3.6081443312914256,1.2027147770971418,1.0,1.0,2.7477067977443284,0.7615290701968317,0.217790963361035,0.5984257105144019,0.0,0.0,1.05,0.0,0.1872974133785198,0.1872974133785198,0.0,0.11547311901928921,0.11547311901928921,1.2061042282757881,3.7749022295836285,1.2583007431945428,0.16728899922624674,1.087937645881052,0.1524638547548819,1.1937255573959071,0,0,IV,IV,1,1,0
L221,wild type,sampled for quadrant IV,0.9209675294823316,0.08995917201386434,0.24296513646532342,0.6159621559078956,0.002827164803457505,0.6131349911044381,0.3872029469242151,7.340434018065787e-05,0.3871295425840344,0.03750233147710922,0.3496272111069252,0.6275959444456094,0.1575698435778957,0.4338115799576673,1.2193324837399049,1.1094337220012804,1.1109324480726188,3.439698653813804,1.1465662179379346,1.0,1.0,2.6201588772582842,0.7617408212062863,0.11396685636766461,0.2986112704249563,0.0,0.0,1.05,0.0,0.08851827215907815,0.08851827215907815,0.0,0.05755330922781162,0.05755330922781162,1.097901216192527,3.3603176017313743,1.1201058672437914,0.1748928436897662,1.040637204818059,0.16696031493461147,1.0900794004328436,0,0,IV,IV,1,1,0
L222,wild type,sampled for quadrant IV,0.9400434319642292,0.09043644289686088,0.24922212066294652,0.6296171378648547,0.002932758751448219,0.6266843791134065,0.401761579096608,7.67526290634047e-05,0.40168482646754455,0.038363084254950046,0.3633217422125945,0.6370927064508483,0.15124542755120546,0.4362751367845279,1.221760594983117,1.1099593536889432,1.1112283177946378,3.442948266466698,1.147649422155566,1.0,1.0,2.6226650766220625,0.7617497777024558,0.11798877250278751,0.3094450330765663,0.0,0.0,1.05,0.0,0.09223979339097826,0.09223979339097826,0.0,0.059638428152789656,0.059638428152789656,1.1016226251598717,3.3745471468397925,1.1248490489465974,0.17460019845839148,1.0423814039556887,0.16641722572950504,1.0936367867099481,0,0,IV,IV,1,1,0
L223,wild type,sampled for quadrant IV,0.7792556413622951,0.15768304671851308,0.21048373673222942,0.5132565723207939,0.0020965179966360675,0.5111600543241579,0.36939522725290075,7.796763249857044e-05,0.3693172596204022,0.04130818008004093,0.32800907954036124,0.7183092003780391,0.21443047544300353,0.4133599509998333,1.2058254696029125,1.1267474078993722,1.142740732494019,3.475313609996304,1.158437869998768,1.0,1.0,2.6467857913127175,0.7615962437748265,0.10902241460969313,0.2885589779235398,0.0,0.0,1.05,0.0,0.08075828169686239,0.08075828169686239,0.0,0.05566017729301179,0.05566017729301179,1.0945333448700674,3.3441344988183825,1.1147114996061276,0.17550463631621827,1.0370096415691186,0.1675822883011606,1.0860336247045956,0,0,IV,IV,1,1,0
L224,wild type,sampled for quadrant IV,0.7544406832120172,0.10719505621203758,0.413411115060902,0.4950827752295132,0.0019780818990759374,0.49310469333043727,0.8279034722335422,0.00019513512628869847,0.8277083371072536,0.056649554701671226,0.7710587824055823,1.6688817140456285,0.22644610130989318,0.4093333005295823,1.268737028376516,1.123159370921052,1.1208112884239896,3.5127076877215577,1.1709025625738525,1.0,1.0,2.67642484692244,0.7619264353472137,0.22796070892143008,0.6101197054793694,0.0,0.0,1.05,0.0,0.2175886316278841,0.2175886316278841,0.0,0.11747213954224438,0.11747213954224438,1.2100233164875305,3.8132066149637627,1.2710688716545875,0.16502414604229437,1.1028689095797826,0.15125051929761815,1.2033016537409407,0,0,IV,IV,1,1,0
L225,wild type,sampled for quadrant IV,0.7632873451191414,0.3306774533910803,0.46130857496137334,0.5015951554916739,0.002019113614106502,0.49957604187756743,1.2017980150611056,0.00035724808292535794,1.2014407669781804,0.08377484615392429,1.117665920824256,2.391185036165783,0.22206492909409895,0.4107934651127681,1.2781050273387708,1.1691509651494454,1.199630186579019,3.646886179067235,1.215628726355745,1.0,1.0,2.7777133409671024,0.7616671331589402,0.31309678663601964,0.8696931212528022,0.0,0.0,1.05,0.0,0.3317476457253782,0.3317476457253782,0.0,0.167689724191052,0.167689724191052,1.3127645047922345,4.245199557930879,1.415066519310293,0.15676066986339496,1.1610055006692634,0.13879357533675624,1.3112998894827197,0,0,IV,IV,1,1,0
L226,wild type,sampled for quadrant IV,0.5745586797683738,0.16024304464108463,0.059468113647353674,0.36155330160694116,0.0012143462596460755,0.3603389553472951,0.12017420402234694,3.589333202472124e-05,0.12013831069032221,0.014709416362758182,0.10542889432756403,0.33146630713249636,0.33801672420700607,0.37468198586073415,1.1110655955655973,1.1153877478769567,1.1419789739728734,3.368432317415427,1.122810772471809,1.0,1.0,2.565076746438349,0.7615046124502549,0.036858015958787196,0.0945436396557386,0.0,0.0,1.05,0.0,0.025594671034583613,0.025594671034583613,0.0,0.01824573897117384,0.01824573897117384,1.030052830275359,3.108100897283161,1.0360336324277204,0.17991582184914806,1.011584184922877,0.17721083736805326,1.0270252243207902,0,0,IV,IV,1,1,0
L227,wild type,sampled for quadrant IV,0.9875528706429807,0.4575222030133693,0.1849548314659512,0.6634431514540414,0.0032021296936283698,0.6602410217604131,0.7003606440051311,0.00029550234440133943,0.7000651416607298,0.05509117264020073,0.6449739690205291,1.0540565321088633,0.1366503979589866,0.4421575160310789,1.1938500768384068,1.1697479888124158,1.2219535373971402,3.585551603047963,1.1951838676826543,1.0,1.0,2.7304924788855667,0.7615264765857678,0.1965679792078774,0.5367273888168437,0.0,0.0,1.05,0.0,0.16333775284388607,0.16333775284388607,0.0,0.10356919783898158,0.10356919783898158,1.1830279890979885,3.682664475710359,1.2275548252367863,0.16910244222620952,1.0762706771350903,0.15546704312816745,1.1706661189275898,0,0,IV,IV,1,1,0
L228,wild type,sampled for quadrant IV,0.6631159669635378,0.22940047286462234,0.28368693675120665,0.4276029353587682,0.0015698950762989407,0.42603304028246924,0.6102388383928173,0.00014917236005387418,0.6100896660327635,0.05874631154414616,0.5513433544886174,1.4237859521004173,0.2772574433406565,0.39306691052285153,1.2343345505670253,1.1462104743827073,1.1697962966810234,3.550341321630756,1.1834471072102521,1.0,1.0,2.703982155778509,0.7616118876526795,0.17361923491465828,0.46946331310915307,0.0,0.0,1.05,0.0,0.14062635292361042,0.14062635292361042,0.0,0.09054703504254537,0.09054703504254537,1.1582893644016794,3.5871793616135603,1.1957264538711867,0.170839552790651,1.0653270687439995,0.15870319048172618,1.14679484040339,0,0,IV,IV,1,1,0
L229,wild type,sampled for quadrant IV,0.7711680110529067,0.3983188277095657,0.2804509980285472,0.5073526346276298,0.002056910049134605,0.5052957245784953,0.8229396712939808,0.0002766209266985709,0.8226630503672823,0.06859212837110629,0.754070921996176,1.6188362471983393,0.21826226171226434,0.4120689581981549,1.233240033005271,1.1694935662679737,1.2126724809824554,3.6154060802557,1.2051353600852333,1.0,1.0,2.7533057570160753,0.7615481348145953,0.2267622016823386,0.6243456753656232,0.0,0.0,1.05,0.0,0.19831737500165902,0.19831737500165902,0.0,0.1204620270526996,0.1204620270526996,1.2159087837524656,3.8150869125114486,1.2716956375038162,0.16646146951671473,1.0933461090329075,0.1511914557779582,1.2037717281278622,0,0,IV,IV,1,1,0
L230,wild type,sampled for quadrant IV,0.8535429896641711,0.47031834270463185,0.43288972042099444,0.5674137350124658,0.002465902822706837,0.564947832189759,1.3253031133725408,0.00046931280692697765,1.3248338005656137,0.087854096326694,1.2369797042389197,2.331581789351863,0.18227455128548034,0.4245959655182549,1.272767745810297,1.1823570498994211,1.2271260348934911,3.682250830603209,1.2274169435344031,1.0,1.0,2.8044078865496216,0.7616015354636274,0.3391029650704344,0.9509830295958871,0.0,0.0,1.05,0.0,0.37385077096972663,0.37385077096972663,0.0,0.18342988926899323,0.18342988926899323,1.3467296138826976,4.396709755068835,1.4655699183562785,0.15381857755789757,1.1832120858840662,0.13489700818470537,1.3491774387672089,0,0,IV,IV,1,1,0
L231,wild type,sampled for quadrant IV,0.5907453661959362,0.3534253038569506,0.4814935318133765,0.37372852915085303,0.0012752787112407407,0.3724532504396123,1.2897260650834814,0.0003968356674127419,1.2893292294160688,0.08666007644117156,1.2026691529748972,3.4417610743597304,0.3258931906142266,0.37828707979167886,1.28145680664749,1.1725832975360682,1.2050756512477878,3.659115755431346,1.2197052518104485,1.0,1.0,2.787016625555223,0.7616639679732358,0.331714228539274,0.9244930698721816,0.0,0.0,1.05,0.0,0.36483615954388715,0.36483615954388715,0.0,0.1782590746252195,0.1782590746252195,1.3354758764253165,4.351087953286603,1.4503626510955343,0.15444382149303457,1.178422019350306,0.13604710039439122,1.3377719883216508,0,0,IV,IV,1,1,0
L232,wild type,sampled for quadrant IV,0.47514989006606995,0.34687234767831265,0.34893689964677,0.28723071489695956,0.000862072924273467,0.2863686419726861,0.920587669418126,0.00027461551439985916,0.9203130539037261,0.07465318230520808,0.845659871598518,3.193926329979196,0.42244663633654755,0.35002395680894083,1.253850712526927,1.1669016721296954,1.202508204428055,3.623260589084677,1.2077535296948925,1.0,1.0,2.7594655088560964,0.7615973074553833,0.25000118068010824,0.6898696352600597,0.0,0.0,1.05,0.0,0.23044341864366635,0.23044341864366635,0.0,0.133068260550438,0.133068260550438,1.241040064718842,3.9223398643157448,1.3074466214385816,0.16407229415112348,1.109267112656837,0.1478971424296805,1.2305849660789363,0,0,IV,IV,1,1,0
L233,wild type,sampled for quadrant IV,0.47847860473338366,0.42889752041092877,0.05865723285440212,0.28966613803695607,0.0008732597740741597,0.2887928782628819,0.4581281859993963,0.00023499030590967487,0.45789319569348663,0.028201320347771796,0.42969187534571485,1.5761319467531119,0.41937137541848307,0.3509173008657572,1.110370476853484,1.1574035785875567,1.2144004411277998,3.48217449656884,1.1607248321896133,1.0,1.0,2.6522242821118214,0.7616574886540551,0.1333889840994412,0.3537775025947656,0.0,0.0,1.05,0.0,0.10411569309872104,0.10411569309872104,0.0,0.0682171702742655,0.0682171702742655,1.1170666822798592,3.4310607653674237,1.1436869217891412,0.17366959681225083,1.047966963364088,0.16429474533275426,1.1077651913418558,0,0,IV,IV,1,1,0
L234,wild type,sampled for quadrant IV,0.44558984992646355,0.23771674248453734,0.37833663404715445,0.26514606115687606,0.0007678271360513468,0.2643782340208247,0.8592313461057451,0.0002200001828364608,0.8590113459229087,0.07000900602511687,0.7890023398977919,3.2284202981282646,0.4513834028363438,0.3416259511157611,1.2611900821868665,1.1520775399667256,1.1732199689275675,3.5864875910811596,1.1954958636937199,1.0,1.0,2.731770572430015,0.7616840998483736,0.2354820661830773,0.6432829787339477,0.0,0.0,1.05,0.0,0.21572836718896105,0.21572836718896105,0.0,0.12402290031105855,0.12402290031105855,1.2229555727010166,3.8523393027398334,1.2841131009132778,0.1651623487279713,1.1019460633837372,0.15003072839299195,1.2130848256849585,0,0,IV,IV,1,1,0
L235,wild type,sampled for quadrant IV,0.6645791719971417,0.09432508536200919,0.35428948245024455,0.4286928306163679,0.0015762131905296543,0.4271166174258383,0.6618206345692209,0.00014417111777838816,0.6616764634514425,0.04998524675906254,0.6116912166923799,1.5402180055456822,0.27635237906697746,0.3933462914836338,1.2549880784081244,1.1166382155323904,1.1138635757385316,3.4854898696790464,1.1618299565596821,1.0,1.0,2.6555663215458227,0.7618918490187305,0.18683313809892682,0.4961477892842298,0.0,0.0,1.05,0.0,0.16552867416721267,0.16552867416721267,0.0,0.09554625950621035,0.09554625950621035,1.1677247774327384,3.6368288091290184,1.2122762697096727,0.16893580381940132,1.0773323113587265,0.157003855429536,1.1592072022822546,0,0,IV,IV,1,1,0
L236,wild type,sampled for quadrant IV,0.7625211198513486,0.20513077349980835,0.09798291382342673,0.5009671365701174,0.00201678080536216,0.4989503557647552,0.2121997650534176,6.223978113479789e-05,0.2121375252722828,0.02519331685780904,0.18694420841447376,0.42273636976188067,0.22248370640218793,0.4106534203946743,1.1416835121688869,1.1291012775937237,1.1594765168121854,3.4302613065747964,1.1434204355249322,1.0,1.0,2.6121470258878343,0.7615008865013057,0.06416156218870765,0.16759943384755002,0.0,0.0,1.05,0.0,0.04453809142473278,0.04453809142473278,0.0,0.03234525632148362,0.03234525632148362,1.0538935937197098,3.193694174620255,1.0645647248734182,0.17838864088253784,1.0202443333812947,0.17359396505490804,1.0484235436550637,0,0,IV,IV,1,1,0
L237,wild type,sampled for quadrant IV,0.6079760575363014,0.2960296125352411,0.2532045526762284,0.3865566022187099,0.0013434432209951182,0.3852131589977148,0.6189703944546288,0.00017421701564824415,0.6187961774389805,0.059340474404875374,0.5594557030341052,1.597109663236559,0.3135897090241391,0.38197389878102406,1.223474586371927,1.1555188429398646,1.1890550902344497,3.5680485195462417,1.1893495065154138,1.0,1.0,2.7172665726828975,0.7615553874330329,0.1758710332447533,0.47788847973917076,0.0,0.0,1.05,0.0,0.14090769769980976,0.14090769769980976,0.0,0.09220071201748908,0.09220071201748908,1.1614020047001081,3.5970480031311722,1.199016001043724,0.17081792499268952,1.0654619531749319,0.15836249686845552,1.1492620007827932,0,0,IV,IV,1,1,0
L238,wild type,sampled for quadrant IV,0.9474678715287143,0.42970661469974275,0.29169767035674166,0.634941970633336,0.0029730523266319033,0.6319689183067041,0.8963615889616198,0.000315724493029769,0.89604586446859,0.07133087833007178,0.8247149861385182,1.409502172138334,0.14884855312852022,0.4372238731956793,1.2369731067527454,1.1731135058094933,1.2187022415258273,3.628788854088066,1.209596284696022,1.0,1.0,2.7635007736511086,0.7615490690613882,0.24430165467516268,0.675127811699058,0.0,0.0,1.05,0.0,0.22091805276953203,0.22091805276953203,0.0,0.13025932511197377,0.13025932511197377,1.2353956829538606,3.8960969190588624,1.2986989730196208,0.16477708547014328,1.1045225097938598,0.14868986705841958,1.2240242297647157,0,0,IV,IV,1,1,0
L239,wild type,sampled for quadrant IV,0.6679996925921433,0.2659613978983358,0.35667604099393113,0.4312406536991154,0.0015904331695913198,0.42965022052952406,0.8359021433949132,0.00022004421767938856,0.8356820991772338,0.07014368548633161,0.7655384136909021,1.9338813603978775,0.27424814024285776,0.3940026431015088,1.2558664478304697,1.1559352084896877,1.1816821666385924,3.59348382295875,1.19782794098625,1.0,1.0,2.7369586093744553,0.7616448950981888,0.22988807673739878,0.629194150818959,0.0,0.0,1.05,0.0,0.20648794835827478,0.20648794835827478,0.0,0.12133282034804325,0.12133282034804325,1.2176282801875413,3.8275495590397597,1.2758498530132532,0.16585055475632612,1.0973734773899384,0.15080114478302845,1.20688738975994,0,0,IV,IV,1,1,0
L240,wild type,sampled for quadrant IV,0.5570263448307489,0.2159611973265837,0.24548038347815798,0.3484851535459971,0.0011481645504250978,0.34733698899557197,0.5058086694430401,0.00012080446393135163,0.5056878649791088,0.05233942988684185,0.4533484350922669,1.447296585594354,0.3515316740703471,0.3706909326227044,1.2204786208164584,1.141598348759458,1.1649695418396544,3.5270465114155707,1.175682170471857,1.0,1.0,2.686151560583205,0.7615866566798194,0.1462058950781842,0.39273119323072886,0.0,0.0,1.05,0.0,0.11295667174837992,0.11295667174837992,0.0,0.07575796891494442,0.07575796891494442,1.1308208658451386,3.480259593267447,1.160086531089149,0.1729800352726423,1.0521445420747018,0.1624905844951432,1.1200648983168617,0,0,IV,IV,1,1,0
